{"licenses": [{"name": "", "id": 0, "url": ""}], "info": {"contributor": "", "date_created": "", "description": "", "url": "", "version": "", "year": ""}, "categories": [{"id": 1, "name": "Syringe", "supercategory": ""}, {"id": 2, "name": "hand", "supercategory": ""}], "images": [{"id": 1, "width": 1280, "height": 720, "file_name": "x337052-6174191493001.jpg", "license": 0, "flickr_url": "", "coco_url": "", "date_captured": 0}, {"id": 2, "width": 1200, "height": 1200, "file_name": "x212GLB_thumb.jpg.pagespeed.ic.uyI6xb1Jz_.jpg", "license": 0, "flickr_url": "", "coco_url": "", "date_captured": 0}, {"id": 3, "width": 1600, "height": 1689, "file_name": "vector-graphic-illustration-vial-ampoule-medicine-medical-syringe-injections-scheduled-vaccination-theme-146238596.jpg", "license": 0, "flickr_url": "", "coco_url": "", "date_captured": 0}, {"id": 4, "width": 1300, "height": 956, "file_name": "vaccine-for-covid-19-syringe-injection-used-for-prevention-immunization-and-treatment-coronavirus-infection-medical-concept-2B7YKBD.jpg", "license": 0, "flickr_url": "", "coco_url": "", "date_captured": 0}, {"id": 5, "width": 2000, "height": 1335, "file_name": "trigger-point-injections.jpeg", "license": 0, "flickr_url": "", "coco_url": "", "date_captured": 0}, {"id": 6, "width": 1600, "height": 1290, "file_name": "translucent-syringe-isolated-needle-liquid-turquoise-serum-vaccine-disposable-realistic-vector-syringes-colored-drug-129734366.jpg", "license": 0, "flickr_url": "", "coco_url": "", "date_captured": 0}, {"id": 7, "width": 2000, "height": 1335, "file_name": "syringe.vial_G_746076721.jpg", "license": 0, "flickr_url": "", "coco_url": "", "date_captured": 0}, {"id": 8, "width": 1024, "height": 768, "file_name": "syringe.jpg", "license": 0, "flickr_url": "", "coco_url": "", "date_captured": 0}, {"id": 9, "width": 1500, "height": 1000, "file_name": "syringe-injections-1121117.jpg", "license": 0, "flickr_url": "", "coco_url": "", "date_captured": 0}, {"id": 10, "width": 1000, "height": 1080, "file_name": "syringe-injection-icon-template-vector-33639820.jpg", "license": 0, "flickr_url": "", "coco_url": "", "date_captured": 0}, {"id": 11, "width": 1000, "height": 1080, "file_name": "syringe-injection-icon-template-vector-33639559.jpg", "license": 0, "flickr_url": "", "coco_url": "", "date_captured": 0}, {"id": 12, "width": 1000, "height": 1080, "file_name": "syringe-injection-icon-template-vector-33639524.jpg", "license": 0, "flickr_url": "", "coco_url": "", "date_captured": 0}, {"id": 13, "width": 1000, "height": 1080, "file_name": "syringe-injection-and-blood-test-tube-vector-11526481.jpg", "license": 0, "flickr_url": "", "coco_url": "", "date_captured": 0}, {"id": 14, "width": 1000, "height": 1080, "file_name": "syringe-in-hand-for-injection-vector-14130137.jpg", "license": 0, "flickr_url": "", "coco_url": "", "date_captured": 0}, {"id": 15, "width": 1600, "height": 1689, "file_name": "syringe-hand-drawn-outline-doodle-icon-medical-injection-syringe-as-using-drugs-hospital-service-concept-vector-sketch-177786457.jpg", "license": 0, "flickr_url": "", "coco_url": "", "date_captured": 0}, {"id": 16, "width": 1000, "height": 1080, "file_name": "syringe-for-injection-syringe-for-blood-analysis-vector-25623676.jpg", "license": 0, "flickr_url": "", "coco_url": "", "date_captured": 0}, {"id": 17, "width": 1300, "height": 1390, "file_name": "syringe-for-injection-and-blood-draw-with-needle-icon-vector-illustration-eps10-PK1RKB.jpg", "license": 0, "flickr_url": "", "coco_url": "", "date_captured": 0}, {"id": 18, "width": 1300, "height": 1390, "file_name": "syringe-for-injection-and-blood-draw-with-needle-and-blood-drop-vector-illustration-eps10-PKW0WY.jpg", "license": 0, "flickr_url": "", "coco_url": "", "date_captured": 0}, {"id": 19, "width": 1600, "height": 1156, "file_name": "syringe-blue-background-place-text-copy-space-concept-taking-medications-choosing-pills-injections-medical-172727702.jpg", "license": 0, "flickr_url": "", "coco_url": "", "date_captured": 0}, {"id": 20, "width": 1920, "height": 1280, "file_name": "syringe-866550_1920.jpg", "license": 0, "flickr_url": "", "coco_url": "", "date_captured": 0}, {"id": 21, "width": 1100, "height": 730, "file_name": "subcutaneous-injection-being-performed-on-woman-s-abdomen.jpg", "license": 0, "flickr_url": "", "coco_url": "", "date_captured": 0}, {"id": 22, "width": 1500, "height": 1528, "file_name": "stock-vector-medical-syringe-injection-icon-vector-flat-style-1397486417.jpg", "license": 0, "flickr_url": "", "coco_url": "", "date_captured": 0}, {"id": 23, "width": 1500, "height": 1101, "file_name": "stock-photo-syringe-medical-injection-in-hand-palm-or-fingers-medicine-plastic-vaccination-equipment-with-319466393.jpg", "license": 0, "flickr_url": "", "coco_url": "", "date_captured": 0}, {"id": 24, "width": 1000, "height": 1080, "file_name": "simple-syringe-injection-outline-vector-18838886.jpg", "license": 0, "flickr_url": "", "coco_url": "", "date_captured": 0}, {"id": 25, "width": 2560, "height": 1440, "file_name": "silicone-injections.jpg", "license": 0, "flickr_url": "", "coco_url": "", "date_captured": 0}, {"id": 26, "width": 2500, "height": 1667, "file_name": "shutterstock_1246554271.jpg", "license": 0, "flickr_url": "", "coco_url": "", "date_captured": 0}, {"id": 27, "width": 1280, "height": 720, "file_name": "shot_16x9.jpg", "license": 0, "flickr_url": "", "coco_url": "", "date_captured": 0}, {"id": 28, "width": 1200, "height": 1200, "file_name": "prp-therapy-1200x1200.jpeg", "license": 0, "flickr_url": "", "coco_url": "", "date_captured": 0}, {"id": 29, "width": 1400, "height": 650, "file_name": "prp-injections.png", "license": 0, "flickr_url": "", "coco_url": "", "date_captured": 0}, {"id": 30, "width": 2121, "height": 1414, "file_name": "prostap-injection-1581088391.jpg", "license": 0, "flickr_url": "", "coco_url": "", "date_captured": 0}, {"id": 31, "width": 1200, "height": 1200, "file_name": "pngtree-syringe-needle-injection-doctors-png-image_3825366.jpg", "license": 0, "flickr_url": "", "coco_url": "", "date_captured": 0}, {"id": 32, "width": 1200, "height": 1200, "file_name": "pngtree-syringe-injection-needle-syringe-medical-png-image_4533534.jpg", "license": 0, "flickr_url": "", "coco_url": "", "date_captured": 0}, {"id": 33, "width": 1200, "height": 1200, "file_name": "pngtree-surgeon-injections-png-image_2899059.jpg", "license": 0, "flickr_url": "", "coco_url": "", "date_captured": 0}, {"id": 34, "width": 1200, "height": 1200, "file_name": "pngtree-injection-syringe-flat-design-png-image_4100094.jpg", "license": 0, "flickr_url": "", "coco_url": "", "date_captured": 0}, {"id": 35, "width": 1200, "height": 1196, "file_name": "pngtree-cartoon-syringe-injection-injection-medical-supplies-png-image_3897540.jpg", "license": 0, "flickr_url": "", "coco_url": "", "date_captured": 0}, {"id": 36, "width": 1440, "height": 1080, "file_name": "plajex-product-image.png", "license": 0, "flickr_url": "", "coco_url": "", "date_captured": 0}, {"id": 37, "width": 702, "height": 1200, "file_name": "p8_SoreKnee_N1708_ts465986843.jpg", "license": 0, "flickr_url": "", "coco_url": "", "date_captured": 0}, {"id": 38, "width": 1920, "height": 1080, "file_name": "nn_ggu_investigates_vaccine_preparedness_200512_1920x1080.jpg", "license": 0, "flickr_url": "", "coco_url": "", "date_captured": 0}, {"id": 39, "width": 1225, "height": 698, "file_name": "neulasta_instructions.png", "license": 0, "flickr_url": "", "coco_url": "", "date_captured": 0}, {"id": 40, "width": 1280, "height": 720, "file_name": "nerveblock63355.jpg", "license": 0, "flickr_url": "", "coco_url": "", "date_captured": 0}, {"id": 41, "width": 2888, "height": 3000, "file_name": "needle-transparent-1.png", "license": 0, "flickr_url": "", "coco_url": "", "date_captured": 0}, {"id": 42, "width": 1600, "height": 1201, "file_name": "medical-treatment-vaccine-syringe-injections-white-background-prevention-treatment-coronary-infection-medicine-178564534.jpg", "license": 0, "flickr_url": "", "coco_url": "", "date_captured": 0}, {"id": 43, "width": 1300, "height": 1163, "file_name": "medical-syringe-or-needle-for-injections-W76PBB.jpg", "license": 0, "flickr_url": "", "coco_url": "", "date_captured": 0}, {"id": 44, "width": 1300, "height": 906, "file_name": "medical-syringe-injections-vial-medicine-syringe-medical-plastic-vial-background-white-injection-vials-medicine-123322209.jpg", "license": 0, "flickr_url": "", "coco_url": "", "date_captured": 0}, {"id": 45, "width": 1300, "height": 1296, "file_name": "medical-injection-needle-syringe-2B07MJW.jpg", "license": 0, "flickr_url": "", "coco_url": "", "date_captured": 0}, {"id": 46, "width": 1280, "height": 720, "file_name": "maxresdefault3.jpg", "license": 0, "flickr_url": "", "coco_url": "", "date_captured": 0}, {"id": 47, "width": 1280, "height": 720, "file_name": "maxresdefault2.jpg", "license": 0, "flickr_url": "", "coco_url": "", "date_captured": 0}, {"id": 48, "width": 1280, "height": 720, "file_name": "maxresdefault1.jpg", "license": 0, "flickr_url": "", "coco_url": "", "date_captured": 0}, {"id": 49, "width": 1280, "height": 720, "file_name": "maxresdefault0.jpg", "license": 0, "flickr_url": "", "coco_url": "", "date_captured": 0}, {"id": 50, "width": 1280, "height": 720, "file_name": "maxresdefault.jpg", "license": 0, "flickr_url": "", "coco_url": "", "date_captured": 0}, {"id": 51, "width": 2531, "height": 1687, "file_name": "lip-injections.jpg", "license": 0, "flickr_url": "", "coco_url": "", "date_captured": 0}, {"id": 52, "width": 2880, "height": 1112, "file_name": "joint-injections-2x.jpg", "license": 0, "flickr_url": "", "coco_url": "", "date_captured": 0}, {"id": 53, "width": 1280, "height": 720, "file_name": "intracapsularinject_1280.jpg", "license": 0, "flickr_url": "", "coco_url": "", "date_captured": 0}, {"id": 54, "width": 1207, "height": 911, "file_name": "injectionsequipment.jpg", "license": 0, "flickr_url": "", "coco_url": "", "date_captured": 0}, {"id": 55, "width": 1980, "height": 1213, "file_name": "injections.jpg", "license": 0, "flickr_url": "", "coco_url": "", "date_captured": 0}, {"id": 56, "width": 1280, "height": 850, "file_name": "injections-better-than-pills.png", "license": 0, "flickr_url": "", "coco_url": "", "date_captured": 0}, {"id": 57, "width": 1200, "height": 667, "file_name": "injection_thinkstock_1200.jpg", "license": 0, "flickr_url": "", "coco_url": "", "date_captured": 0}, {"id": 58, "width": 2121, "height": 1414, "file_name": "injection0.jpg", "license": 0, "flickr_url": "", "coco_url": "", "date_captured": 0}, {"id": 59, "width": 2901, "height": 1767, "file_name": "injection.jpg", "license": 0, "flickr_url": "", "coco_url": "", "date_captured": 0}, {"id": 60, "width": 1000, "height": 1080, "file_name": "injection-syringe-icon-vector-8900433.jpg", "license": 0, "flickr_url": "", "coco_url": "", "date_captured": 0}, {"id": 61, "width": 1000, "height": 1080, "file_name": "injection-syringe-icon-vector-8900400.jpg", "license": 0, "flickr_url": "", "coco_url": "", "date_captured": 0}, {"id": 62, "width": 1000, "height": 1080, "file_name": "injection-syringe-icon-vector-6724258.jpg", "license": 0, "flickr_url": "", "coco_url": "", "date_captured": 0}, {"id": 63, "width": 830, "height": 1693, "file_name": "injection-gauge-needle-comparison-chart-medical-equipment-syringe.jpg", "license": 0, "flickr_url": "", "coco_url": "", "date_captured": 0}, {"id": 64, "width": 259, "height": 195, "file_name": "images851.jpg", "license": 0, "flickr_url": "", "coco_url": "", "date_captured": 0}, {"id": 65, "width": 296, "height": 170, "file_name": "images839.jpg", "license": 0, "flickr_url": "", "coco_url": "", "date_captured": 0}, {"id": 66, "width": 246, "height": 205, "file_name": "images817.jpg", "license": 0, "flickr_url": "", "coco_url": "", "date_captured": 0}, {"id": 67, "width": 248, "height": 203, "file_name": "images81.jpg", "license": 0, "flickr_url": "", "coco_url": "", "date_captured": 0}, {"id": 68, "width": 225, "height": 225, "file_name": "images77.jpg", "license": 0, "flickr_url": "", "coco_url": "", "date_captured": 0}, {"id": 69, "width": 218, "height": 231, "file_name": "images754.jpg", "license": 0, "flickr_url": "", "coco_url": "", "date_captured": 0}, {"id": 70, "width": 285, "height": 177, "file_name": "images738.jpg", "license": 0, "flickr_url": "", "coco_url": "", "date_captured": 0}, {"id": 71, "width": 275, "height": 183, "file_name": "images117.jpg", "license": 0, "flickr_url": "", "coco_url": "", "date_captured": 0}, {"id": 72, "width": 194, "height": 259, "file_name": "images113.jpg", "license": 0, "flickr_url": "", "coco_url": "", "date_captured": 0}, {"id": 73, "width": 3532, "height": 2350, "file_name": "image-botox-injection.jpg", "license": 0, "flickr_url": "", "coco_url": "", "date_captured": 0}, {"id": 74, "width": 1300, "height": 988, "file_name": "illustration-of-various-medical-tablets-pharmacy-pharmacy-a-syringe-for-injections-the-concept-of-health-W458FP.jpg", "license": 0, "flickr_url": "", "coco_url": "", "date_captured": 0}, {"id": 75, "width": 2003, "height": 1496, "file_name": "iStock-9026102861.jpg", "license": 0, "flickr_url": "", "coco_url": "", "date_captured": 0}, {"id": 76, "width": 2120, "height": 1414, "file_name": "iStock-862132328-1.jpg", "license": 0, "flickr_url": "", "coco_url": "", "date_captured": 0}, {"id": 77, "width": 5184, "height": 3456, "file_name": "iStock-614124772.jpg", "license": 0, "flickr_url": "", "coco_url": "", "date_captured": 0}, {"id": 78, "width": 2999, "height": 1998, "file_name": "iStock-502686281.jpg", "license": 0, "flickr_url": "", "coco_url": "", "date_captured": 0}, {"id": 79, "width": 1200, "height": 675, "file_name": "https3A2F2Fcdn.cnn.com2Fcnnnext2Fdam2Fassets2F191017161240-cortisone-shot.jpg", "license": 0, "flickr_url": "", "coco_url": "", "date_captured": 0}, {"id": 80, "width": 1200, "height": 1200, "file_name": "horse-joint-injections-syringe.jpg", "license": 0, "flickr_url": "", "coco_url": "", "date_captured": 0}, {"id": 81, "width": 1280, "height": 914, "file_name": "hgjr3jnr-1389804173.jpg", "license": 0, "flickr_url": "", "coco_url": "", "date_captured": 0}, {"id": 82, "width": 1800, "height": 1013, "file_name": "hero-epidural-spinal-nerve-block.jpg", "license": 0, "flickr_url": "", "coco_url": "", "date_captured": 0}, {"id": 83, "width": 1100, "height": 734, "file_name": "gold-injection.jpg", "license": 0, "flickr_url": "", "coco_url": "", "date_captured": 0}, {"id": 84, "width": 1700, "height": 800, "file_name": "footbridge-injections-hero-1700x800.jpg", "license": 0, "flickr_url": "", "coco_url": "", "date_captured": 0}, {"id": 85, "width": 1280, "height": 720, "file_name": "fluorohipinject_1280.jpg", "license": 0, "flickr_url": "", "coco_url": "", "date_captured": 0}, {"id": 86, "width": 1300, "height": 956, "file_name": "fear-of-syringe-injections-and-vaccinations-doctor-appointment-man-is-afraid-of-nurse-2AA4BHP.jpg", "license": 0, "flickr_url": "", "coco_url": "", "date_captured": 0}, {"id": 87, "width": 8192, "height": 5461, "file_name": "fd54e177e716c81225c4f19b985b4e14d648e88c-8688x5792.jpg", "license": 0, "flickr_url": "", "coco_url": "", "date_captured": 0}, {"id": 88, "width": 1920, "height": 1080, "file_name": "f99eeea696ba4f37d1c4c38ce63777ca59472851-1920x1080.png", "license": 0, "flickr_url": "", "coco_url": "", "date_captured": 0}, {"id": 89, "width": 4359, "height": 2179, "file_name": "eyebrow-filler.jpg", "license": 0, "flickr_url": "", "coco_url": "", "date_captured": 0}, {"id": 90, "width": 1300, "height": 951, "file_name": "drugs-thermometer-tablets-syringe-injections-viral-diseases-drugs-thermometer-tablets-syringe-108305185.jpg", "license": 0, "flickr_url": "", "coco_url": "", "date_captured": 0}, {"id": 91, "width": 1200, "height": 900, "file_name": "drug-makers-get-nod-to-raise-one-time-price-increase-on-heparin-injections.jpg", "license": 0, "flickr_url": "", "coco_url": "", "date_captured": 0}, {"id": 92, "width": 1200, "height": 800, "file_name": "dll-injection-100800196-large.jpg", "license": 0, "flickr_url": "", "coco_url": "", "date_captured": 0}, {"id": 93, "width": 1600, "height": 915, "file_name": "diabetes-insulin-blood-sugar_1600.jpg", "license": 0, "flickr_url": "", "coco_url": "", "date_captured": 0}, {"id": 94, "width": 1105, "height": 1700, "file_name": "depositphotos_199623374-stock-photo-syringe-injections-filled-colored-liquid.jpg", "license": 0, "flickr_url": "", "coco_url": "", "date_captured": 0}, {"id": 95, "width": 1280, "height": 720, "file_name": "caudalsteroid_1280.jpg", "license": 0, "flickr_url": "", "coco_url": "", "date_captured": 0}, {"id": 96, "width": 1920, "height": 1080, "file_name": "c6a4eeb5c299a9892740d85b3bf9ee28.jpg", "license": 0, "flickr_url": "", "coco_url": "", "date_captured": 0}, {"id": 97, "width": 3790, "height": 2160, "file_name": "c0172bcfd082fbeb284651d9eb9679f79b6577a5-3790x2160.jpg", "license": 0, "flickr_url": "", "coco_url": "", "date_captured": 0}, {"id": 98, "width": 1260, "height": 839, "file_name": "anti-wrinkl-injections.jpg", "license": 0, "flickr_url": "", "coco_url": "", "date_captured": 0}, {"id": 99, "width": 1920, "height": 550, "file_name": "Therapeautic-Cosmetic-Injections-1920x550.jpg", "license": 0, "flickr_url": "", "coco_url": "", "date_captured": 0}, {"id": 100, "width": 1000, "height": 1000, "file_name": "Syringes_Hamilton_Hamilton_Syringe_7635-01_Genetec_1.jpg", "license": 0, "flickr_url": "", "coco_url": "", "date_captured": 0}, {"id": 101, "width": 1000, "height": 1000, "file_name": "Syringes_Hamilton_Hamilton_Syringe_65460-15_Genetec_1.jpg", "license": 0, "flickr_url": "", "coco_url": "", "date_captured": 0}, {"id": 102, "width": 1600, "height": 949, "file_name": "Syringes.png", "license": 0, "flickr_url": "", "coco_url": "", "date_captured": 0}, {"id": 103, "width": 1600, "height": 892, "file_name": "Syringe20Luer20lock.png", "license": 0, "flickr_url": "", "coco_url": "", "date_captured": 0}, {"id": 104, "width": 1600, "height": 842, "file_name": "Syringe20Luer20Slip.png", "license": 0, "flickr_url": "", "coco_url": "", "date_captured": 0}, {"id": 105, "width": 1681, "height": 1372, "file_name": "Standard_insulin_syringeJPG.jpg", "license": 0, "flickr_url": "", "coco_url": "", "date_captured": 0}, {"id": 106, "width": 1200, "height": 800, "file_name": "Sacroiliac-Joint-Injection-1200x800.jpeg", "license": 0, "flickr_url": "", "coco_url": "", "date_captured": 0}, {"id": 107, "width": 1296, "height": 1112, "file_name": "SQ04_remove_bubbles_retina.jpg", "license": 0, "flickr_url": "", "coco_url": "", "date_captured": 0}, {"id": 108, "width": 1296, "height": 1112, "file_name": "SQ03_withdraw_meds_retina.jpg", "license": 0, "flickr_url": "", "coco_url": "", "date_captured": 0}, {"id": 109, "width": 5184, "height": 3456, "file_name": "Prolotherapy-Injections-for-Inflammation-PridePlus-Health.jpg", "license": 0, "flickr_url": "", "coco_url": "", "date_captured": 0}, {"id": 110, "width": 960, "height": 960, "file_name": "New-350ml-Plastic-Syringe-Large-Capacity-Syringe-Transparent-Reusable-Sterile-Measuring-Injection-Syringe-Nutrient-Hydroponics.jpg_960x960.jpg", "license": 0, "flickr_url": "", "coco_url": "", "date_captured": 0}, {"id": 111, "width": 1200, "height": 800, "file_name": "Mitragotri_winter18-26_2500-1200x800.jpg", "license": 0, "flickr_url": "", "coco_url": "", "date_captured": 0}, {"id": 112, "width": 1500, "height": 1500, "file_name": "Medical-Disposable-Syringe-Luer-Lock-Luer-Slip-for-Injection.jpg", "license": 0, "flickr_url": "", "coco_url": "", "date_captured": 0}, {"id": 113, "width": 1000, "height": 1000, "file_name": "Medical-Disposable-Injection-Needle-Syringe-1ml-100ml-with-Needle-or-Without-Needle-Ce-and-ISO-Certification-Manufacturer-in-China.jpg", "license": 0, "flickr_url": "", "coco_url": "", "date_captured": 0}, {"id": 114, "width": 2755, "height": 1836, "file_name": "MIT-slippery-syringe-02-press.jpg", "license": 0, "flickr_url": "", "coco_url": "", "date_captured": 0}, {"id": 115, "width": 1299, "height": 866, "file_name": "MIT-slippery-syringe-01-press.jpg", "license": 0, "flickr_url": "", "coco_url": "", "date_captured": 0}, {"id": 116, "width": 1440, "height": 1080, "file_name": "Low-Price-Sterile-Disposable-Syringe-with-Injection-Needle.jpg", "license": 0, "flickr_url": "", "coco_url": "", "date_captured": 0}, {"id": 117, "width": 2560, "height": 1707, "file_name": "Lena-scaled.jpg", "license": 0, "flickr_url": "", "coco_url": "", "date_captured": 0}, {"id": 118, "width": 197, "height": 255, "file_name": "images721.jpg", "license": 0, "flickr_url": "", "coco_url": "", "date_captured": 0}, {"id": 119, "width": 275, "height": 183, "file_name": "images692.jpg", "license": 0, "flickr_url": "", "coco_url": "", "date_captured": 0}, {"id": 120, "width": 318, "height": 159, "file_name": "images65.jpg", "license": 0, "flickr_url": "", "coco_url": "", "date_captured": 0}, {"id": 121, "width": 270, "height": 187, "file_name": "images647.jpg", "license": 0, "flickr_url": "", "coco_url": "", "date_captured": 0}, {"id": 122, "width": 300, "height": 168, "file_name": "images640.jpg", "license": 0, "flickr_url": "", "coco_url": "", "date_captured": 0}, {"id": 123, "width": 220, "height": 229, "file_name": "images638.jpg", "license": 0, "flickr_url": "", "coco_url": "", "date_captured": 0}, {"id": 124, "width": 216, "height": 233, "file_name": "images63.jpg", "license": 0, "flickr_url": "", "coco_url": "", "date_captured": 0}, {"id": 125, "width": 225, "height": 225, "file_name": "images611.jpg", "license": 0, "flickr_url": "", "coco_url": "", "date_captured": 0}, {"id": 126, "width": 120, "height": 400, "file_name": "images606.jpg", "license": 0, "flickr_url": "", "coco_url": "", "date_captured": 0}, {"id": 127, "width": 209, "height": 241, "file_name": "images601.jpg", "license": 0, "flickr_url": "", "coco_url": "", "date_captured": 0}, {"id": 128, "width": 384, "height": 131, "file_name": "images591.jpg", "license": 0, "flickr_url": "", "coco_url": "", "date_captured": 0}, {"id": 129, "width": 276, "height": 183, "file_name": "images586.jpg", "license": 0, "flickr_url": "", "coco_url": "", "date_captured": 0}, {"id": 130, "width": 275, "height": 183, "file_name": "images568.jpg", "license": 0, "flickr_url": "", "coco_url": "", "date_captured": 0}, {"id": 131, "width": 300, "height": 168, "file_name": "images565.jpg", "license": 0, "flickr_url": "", "coco_url": "", "date_captured": 0}, {"id": 132, "width": 216, "height": 233, "file_name": "images541.jpg", "license": 0, "flickr_url": "", "coco_url": "", "date_captured": 0}, {"id": 133, "width": 162, "height": 312, "file_name": "images540.jpg", "license": 0, "flickr_url": "", "coco_url": "", "date_captured": 0}, {"id": 134, "width": 262, "height": 193, "file_name": "images512.jpg", "license": 0, "flickr_url": "", "coco_url": "", "date_captured": 0}, {"id": 135, "width": 244, "height": 207, "file_name": "images49.jpg", "license": 0, "flickr_url": "", "coco_url": "", "date_captured": 0}, {"id": 136, "width": 201, "height": 251, "file_name": "images461.jpg", "license": 0, "flickr_url": "", "coco_url": "", "date_captured": 0}, {"id": 137, "width": 300, "height": 168, "file_name": "images442.jpg", "license": 0, "flickr_url": "", "coco_url": "", "date_captured": 0}, {"id": 138, "width": 195, "height": 259, "file_name": "images411.jpg", "license": 0, "flickr_url": "", "coco_url": "", "date_captured": 0}, {"id": 139, "width": 275, "height": 183, "file_name": "images390.jpg", "license": 0, "flickr_url": "", "coco_url": "", "date_captured": 0}, {"id": 140, "width": 172, "height": 294, "file_name": "images383.jpg", "license": 0, "flickr_url": "", "coco_url": "", "date_captured": 0}, {"id": 141, "width": 267, "height": 189, "file_name": "images364 (2).jpg", "license": 0, "flickr_url": "", "coco_url": "", "date_captured": 0}, {"id": 142, "width": 218, "height": 231, "file_name": "images362.jpg", "license": 0, "flickr_url": "", "coco_url": "", "date_captured": 0}, {"id": 143, "width": 194, "height": 259, "file_name": "images354.jpg", "license": 0, "flickr_url": "", "coco_url": "", "date_captured": 0}, {"id": 144, "width": 189, "height": 267, "file_name": "images35.jpg", "license": 0, "flickr_url": "", "coco_url": "", "date_captured": 0}, {"id": 145, "width": 275, "height": 183, "file_name": "images310.jpg", "license": 0, "flickr_url": "", "coco_url": "", "date_captured": 0}, {"id": 146, "width": 262, "height": 192, "file_name": "images309.jpg", "license": 0, "flickr_url": "", "coco_url": "", "date_captured": 0}, {"id": 147, "width": 300, "height": 168, "file_name": "images305.jpg", "license": 0, "flickr_url": "", "coco_url": "", "date_captured": 0}, {"id": 148, "width": 218, "height": 231, "file_name": "images30.jpg", "license": 0, "flickr_url": "", "coco_url": "", "date_captured": 0}, {"id": 149, "width": 275, "height": 183, "file_name": "images29.jpg", "license": 0, "flickr_url": "", "coco_url": "", "date_captured": 0}, {"id": 150, "width": 300, "height": 168, "file_name": "images281.jpg", "license": 0, "flickr_url": "", "coco_url": "", "date_captured": 0}, {"id": 151, "width": 216, "height": 233, "file_name": "images279.jpg", "license": 0, "flickr_url": "", "coco_url": "", "date_captured": 0}, {"id": 152, "width": 316, "height": 160, "file_name": "images217.jpg", "license": 0, "flickr_url": "", "coco_url": "", "date_captured": 0}, {"id": 153, "width": 218, "height": 231, "file_name": "images206.jpg", "license": 0, "flickr_url": "", "coco_url": "", "date_captured": 0}, {"id": 154, "width": 178, "height": 284, "file_name": "images191.jpg", "license": 0, "flickr_url": "", "coco_url": "", "date_captured": 0}, {"id": 155, "width": 216, "height": 233, "file_name": "images172.jpg", "license": 0, "flickr_url": "", "coco_url": "", "date_captured": 0}, {"id": 156, "width": 300, "height": 168, "file_name": "images168.jpg", "license": 0, "flickr_url": "", "coco_url": "", "date_captured": 0}, {"id": 157, "width": 237, "height": 212, "file_name": "images160.jpg", "license": 0, "flickr_url": "", "coco_url": "", "date_captured": 0}, {"id": 158, "width": 1024, "height": 860, "file_name": "Intradermal_injection.jpg", "license": 0, "flickr_url": "", "coco_url": "", "date_captured": 0}, {"id": 159, "width": 2048, "height": 1638, "file_name": "Intradermal_1_edit_d35fd8ae-fc0a-48ad-baa8-e1174ba6926e_1024x10242x.jpg", "license": 0, "flickr_url": "", "coco_url": "", "date_captured": 0}, {"id": 160, "width": 1898, "height": 1267, "file_name": "Injections-Service-Image2.jpg", "license": 0, "flickr_url": "", "coco_url": "", "date_captured": 0}, {"id": 161, "width": 1002, "height": 1386, "file_name": "Injection_Syringe_01.jpg", "license": 0, "flickr_url": "", "coco_url": "", "date_captured": 0}, {"id": 162, "width": 1100, "height": 1650, "file_name": "Injection_Arm_web.jpg", "license": 0, "flickr_url": "", "coco_url": "", "date_captured": 0}, {"id": 163, "width": 1200, "height": 1200, "file_name": "Image20J20Multi20Site20Syringes20-20Transparent.png", "license": 0, "flickr_url": "", "coco_url": "", "date_captured": 0}, {"id": 164, "width": 1296, "height": 1096, "file_name": "IM09_remove_bubbles_retina.jpg", "license": 0, "flickr_url": "", "coco_url": "", "date_captured": 0}, {"id": 165, "width": 1898, "height": 1267, "file_name": "Hyaluronic-Acid-Injections2.jpg", "license": 0, "flickr_url": "", "coco_url": "", "date_captured": 0}, {"id": 166, "width": 1400, "height": 1000, "file_name": "Hero20-20Type202_Insulin20and20other20Injectables402x-min.jpg", "license": 0, "flickr_url": "", "coco_url": "", "date_captured": 0}, {"id": 167, "width": 1200, "height": 1200, "file_name": "HTB1c4xfa5DxK1Rjy1zcq6yGeXXa0.jpg", "license": 0, "flickr_url": "", "coco_url": "", "date_captured": 0}, {"id": 168, "width": 1280, "height": 720, "file_name": "HIVdrugsifter110920.jpg", "license": 0, "flickr_url": "", "coco_url": "", "date_captured": 0}, {"id": 169, "width": 2422, "height": 923, "file_name": "Glycopyrrolate_Syringes_Group.jpg", "license": 0, "flickr_url": "", "coco_url": "", "date_captured": 0}, {"id": 170, "width": 2560, "height": 1920, "file_name": "GettyImages-147206877.jpg", "license": 0, "flickr_url": "", "coco_url": "", "date_captured": 0}, {"id": 171, "width": 750, "height": 1384, "file_name": "Genentech_LUCENTIS_0.3mg_0.5mg_Syringes_750.png", "license": 0, "flickr_url": "", "coco_url": "", "date_captured": 0}, {"id": 172, "width": 6720, "height": 4480, "file_name": "EYLEA_White-Syringe-VIDEO-ANGLE-0023-v6-WHITE-copy.jpg", "license": 0, "flickr_url": "", "coco_url": "", "date_captured": 0}, {"id": 173, "width": 1488, "height": 2240, "file_name": "Drawing-syringes-with-needle.jpg", "license": 0, "flickr_url": "", "coco_url": "", "date_captured": 0}, {"id": 174, "width": 1000, "height": 1000, "file_name": "Disposable-Injection-Syringe-with-Needle-1ml-150ml.jpg", "license": 0, "flickr_url": "", "coco_url": "", "date_captured": 0}, {"id": 175, "width": 900, "height": 900, "file_name": "Cortisone-injection-900x900.png", "license": 0, "flickr_url": "", "coco_url": "", "date_captured": 0}, {"id": 176, "width": 1024, "height": 768, "file_name": "Cortisone-Injection-For-A-Knee.jpg", "license": 0, "flickr_url": "", "coco_url": "", "date_captured": 0}, {"id": 177, "width": 1280, "height": 853, "file_name": "Coding-and-Billing-Facet-Joint-Injections.jpg", "license": 0, "flickr_url": "", "coco_url": "", "date_captured": 0}, {"id": 178, "width": 1501, "height": 1000, "file_name": "Are-IVF-Injections-Painful_1500_1000-min.jpg", "license": 0, "flickr_url": "", "coco_url": "", "date_captured": 0}, {"id": 179, "width": 2809, "height": 1129, "file_name": "Adenosine_Syringes_Group.jpg", "license": 0, "flickr_url": "", "coco_url": "", "date_captured": 0}, {"id": 180, "width": 1300, "height": 866, "file_name": "97665857-ancient-medical-syringe-made-of-glass-on-a-white-background-with-needle-for-injections.jpg", "license": 0, "flickr_url": "", "coco_url": "", "date_captured": 0}, {"id": 181, "width": 1420, "height": 946, "file_name": "91f2103f892e0f7f63de56641d68766dbd-06-butt-injections.2x.h473.w710.jpg", "license": 0, "flickr_url": "", "coco_url": "", "date_captured": 0}, {"id": 182, "width": 2400, "height": 1800, "file_name": "914438656.jpg", "license": 0, "flickr_url": "", "coco_url": "", "date_captured": 0}, {"id": 183, "width": 1300, "height": 1300, "file_name": "84783357-syringe-for-injection-outline-design-vector-illustration.jpg", "license": 0, "flickr_url": "", "coco_url": "", "date_captured": 0}, {"id": 184, "width": 1318, "height": 1091, "file_name": "61qijB3ScjL._SL1318_.jpg", "license": 0, "flickr_url": "", "coco_url": "", "date_captured": 0}, {"id": 185, "width": 1650, "height": 1100, "file_name": "61325108_m-1650x1100.jpg", "license": 0, "flickr_url": "", "coco_url": "", "date_captured": 0}, {"id": 186, "width": 1300, "height": 1300, "file_name": "60112862-syringe-on-white-background-isolate-disposable-plastic-syringe-with-a-needle-for-injection-cartoon-s.jpg", "license": 0, "flickr_url": "", "coco_url": "", "date_captured": 0}, {"id": 187, "width": 1002, "height": 1002, "file_name": "51VgNKoBzVL._SL1002_.jpg", "license": 0, "flickr_url": "", "coco_url": "", "date_captured": 0}, {"id": 188, "width": 921, "height": 958, "file_name": "519YYgJwRcL._AC_SL1000_.jpg", "license": 0, "flickr_url": "", "coco_url": "", "date_captured": 0}, {"id": 189, "width": 910, "height": 901, "file_name": "42021_L_vvs_000.jpg", "license": 0, "flickr_url": "", "coco_url": "", "date_captured": 0}, {"id": 190, "width": 1500, "height": 1120, "file_name": "345734185.jpg", "license": 0, "flickr_url": "", "coco_url": "", "date_captured": 0}, {"id": 191, "width": 1200, "height": 800, "file_name": "23-NeedleSpeech-1200x800-1.png", "license": 0, "flickr_url": "", "coco_url": "", "date_captured": 0}, {"id": 192, "width": 6016, "height": 4016, "file_name": "214377.jpg", "license": 0, "flickr_url": "", "coco_url": "", "date_captured": 0}, {"id": 193, "width": 1000, "height": 1000, "file_name": "20pcs-30pcs-Disposable-Plastic-sterile-injection-syringe-Liquid-Syringe-with-Needle-1-2-5-10-20.jpg_Q90.jpg", "license": 0, "flickr_url": "", "coco_url": "", "date_captured": 0}, {"id": 194, "width": 1800, "height": 1199, "file_name": "1800x1200_funded_expert_feature_psoriasis_how_injections_work_video.jpg", "license": 0, "flickr_url": "", "coco_url": "", "date_captured": 0}, {"id": 195, "width": 2000, "height": 1300, "file_name": "1464776086-botox-injection.jpg", "license": 0, "flickr_url": "", "coco_url": "", "date_captured": 0}, {"id": 196, "width": 1280, "height": 720, "file_name": "1280-C.jpg", "license": 0, "flickr_url": "", "coco_url": "", "date_captured": 0}, {"id": 197, "width": 1024, "height": 784, "file_name": "11_Spinal-anesthesia-injections-in-preparation-for-a-caesarean-section.jpg", "license": 0, "flickr_url": "", "coco_url": "", "date_captured": 0}, {"id": 198, "width": 1920, "height": 1080, "file_name": "03cd60a04c429296834fc54929079342.jpg", "license": 0, "flickr_url": "", "coco_url": "", "date_captured": 0}, {"id": 199, "width": 2400, "height": 1600, "file_name": "0319_Hyaluronic-Acid-Injections.jpg", "license": 0, "flickr_url": "", "coco_url": "", "date_captured": 0}], "annotations": [{"id": 1, "image_id": 1, "category_id": 1, "segmentation": [], "area": 216905.11480000004, "bbox": [253.33, 264.0, 736.67, 294.44], "iscrowd": 0, "attributes": {"occluded": false}}, {"id": 2, "image_id": 2, "category_id": 1, "segmentation": [], "area": 96145.262, "bbox": [516.67, 178.89, 159.26, 603.7], "iscrowd": 0, "attributes": {"occluded": false}}, {"id": 3, "image_id": 3, "category_id": 1, "segmentation": [], "area": 624499.7906000001, "bbox": [612.36, 721.05, 894.02, 698.53], "iscrowd": 0, "attributes": {"occluded": false}}, {"id": 4, "image_id": 4, "category_id": 1, "segmentation": [], "area": 408145.078, "bbox": [142.47, 365.83, 1157.53, 352.6], "iscrowd": 0, "attributes": {"occluded": false}}, {"id": 5, "image_id": 5, "category_id": 1, "segmentation": [], "area": 146568.65119999993, "bbox": [223.35, 609.84, 733.43, 199.84], "iscrowd": 0, "attributes": {"occluded": false}}, {"id": 6, "image_id": 5, "category_id": 2, "segmentation": [], "area": 570954.9197, "bbox": [890.85, 22.69, 729.31, 782.87], "iscrowd": 0, "attributes": {"occluded": false}}, {"id": 7, "image_id": 5, "category_id": 2, "segmentation": [], "area": 326754.9571, "bbox": [130.65, 379.1, 580.97, 562.43], "iscrowd": 0, "attributes": {"occluded": false}}, {"id": 8, "image_id": 6, "category_id": 1, "segmentation": [], "area": 179766.63609999995, "bbox": [726.39, 101.5, 179.17, 1003.33], "iscrowd": 0, "attributes": {"occluded": false}}, {"id": 9, "image_id": 7, "category_id": 1, "segmentation": [], "area": 368884.038, "bbox": [1053.61, 737.58, 799.35, 461.48], "iscrowd": 0, "attributes": {"occluded": false}}, {"id": 10, "image_id": 7, "category_id": 2, "segmentation": [], "area": 1061101.7664, "bbox": [208.93, 37.11, 1028.04, 1032.16], "iscrowd": 0, "attributes": {"occluded": false}}, {"id": 11, "image_id": 8, "category_id": 1, "segmentation": [], "area": 461990.9837999999, "bbox": [84.12, 91.23, 847.41, 545.18], "iscrowd": 0, "attributes": {"occluded": false}}, {"id": 12, "image_id": 9, "category_id": 1, "segmentation": [], "area": 349219.0544999999, "bbox": [368.86, 134.3, 498.45, 700.61], "iscrowd": 0, "attributes": {"occluded": false}}, {"id": 13, "image_id": 10, "category_id": 1, "segmentation": [], "area": 259248.30000000002, "bbox": [245.0, 245.0, 508.33, 510.0], "iscrowd": 0, "attributes": {"occluded": false}}, {"id": 14, "image_id": 11, "category_id": 1, "segmentation": [], "area": 262655.5611, "bbox": [245.0, 245.0, 511.67, 513.33], "iscrowd": 0, "attributes": {"occluded": false}}, {"id": 15, "image_id": 12, "category_id": 1, "segmentation": [], "area": 255022.2111, "bbox": [250.0, 245.0, 503.33, 506.67], "iscrowd": 0, "attributes": {"occluded": false}}, {"id": 16, "image_id": 13, "category_id": 1, "segmentation": [], "area": 129549.77219999993, "bbox": [538.33, 61.67, 148.34, 873.33], "iscrowd": 0, "attributes": {"occluded": false}}, {"id": 17, "image_id": 14, "category_id": 1, "segmentation": [], "area": 235966.18890000004, "bbox": [231.67, 31.67, 438.33, 538.33], "iscrowd": 0, "attributes": {"occluded": false}}, {"id": 18, "image_id": 15, "category_id": 1, "segmentation": [], "area": 1135806.0525, "bbox": [164.04, 349.36, 1266.75, 896.63], "iscrowd": 0, "attributes": {"occluded": false}}, {"id": 19, "image_id": 16, "category_id": 1, "segmentation": [], "area": 469225.0, "bbox": [173.33, 175.0, 685.0, 685.0], "iscrowd": 0, "attributes": {"occluded": false}}, {"id": 20, "image_id": 17, "category_id": 1, "segmentation": [], "area": 532509.335, "bbox": [223.21, 298.08, 761.5, 699.29], "iscrowd": 0, "attributes": {"occluded": false}}, {"id": 21, "image_id": 18, "category_id": 1, "segmentation": [], "area": 333912.1716, "bbox": [197.47, 375.3, 879.48, 379.67], "iscrowd": 0, "attributes": {"occluded": false}}, {"id": 22, "image_id": 19, "category_id": 1, "segmentation": [], "area": 227036.77160000004, "bbox": [143.51, 101.8, 371.06, 611.86], "iscrowd": 0, "attributes": {"occluded": false}}, {"id": 23, "image_id": 19, "category_id": 1, "segmentation": [], "area": 223166.16539999997, "bbox": [136.37, 736.85, 718.94, 310.41], "iscrowd": 0, "attributes": {"occluded": false}}, {"id": 24, "image_id": 20, "category_id": 1, "segmentation": [], "area": 958387.3829999999, "bbox": [0.0, 258.81, 1611.9, 594.57], "iscrowd": 0, "attributes": {"occluded": false}}, {"id": 25, "image_id": 21, "category_id": 1, "segmentation": [], "area": 31999.046399999992, "bbox": [399.08, 146.4, 230.94, 138.56], "iscrowd": 0, "attributes": {"occluded": false}}, {"id": 26, "image_id": 22, "category_id": 1, "segmentation": [], "area": 894093.1692000002, "bbox": [276.08, 242.84, 945.57, 945.56], "iscrowd": 0, "attributes": {"occluded": false}}, {"id": 27, "image_id": 23, "category_id": 1, "segmentation": [], "area": 609469.7664, "bbox": [259.0, 183.57, 883.52, 689.82], "iscrowd": 0, "attributes": {"occluded": false}}, {"id": 28, "image_id": 24, "category_id": 1, "segmentation": [], "area": 344152.3558, "bbox": [206.67, 206.67, 586.66, 586.63], "iscrowd": 0, "attributes": {"occluded": false}}, {"id": 29, "image_id": 25, "category_id": 1, "segmentation": [], "area": 542820.9358000001, "bbox": [1131.11, 4.44, 851.11, 637.78], "iscrowd": 0, "attributes": {"occluded": false}}, {"id": 30, "image_id": 26, "category_id": 2, "segmentation": [], "area": 1438514.5130999996, "bbox": [22.89, 370.44, 1113.91, 1291.41], "iscrowd": 0, "attributes": {"occluded": false}}, {"id": 31, "image_id": 26, "category_id": 2, "segmentation": [], "area": 457235.5303, "bbox": [1944.57, 349.86, 555.43, 823.21], "iscrowd": 0, "attributes": {"occluded": false}}, {"id": 32, "image_id": 26, "category_id": 1, "segmentation": [], "area": 284855.221, "bbox": [1280.86, 499.07, 1216.81, 234.1], "iscrowd": 0, "attributes": {"occluded": false}}, {"id": 33, "image_id": 27, "category_id": 1, "segmentation": [], "area": 222171.11729999995, "bbox": [176.67, 118.9, 781.11, 284.43], "iscrowd": 0, "attributes": {"occluded": false}}, {"id": 34, "image_id": 27, "category_id": 2, "segmentation": [], "area": 403487.4000000001, "bbox": [646.67, 22.22, 602.22, 670.0], "iscrowd": 0, "attributes": {"occluded": false}}, {"id": 35, "image_id": 28, "category_id": 2, "segmentation": [], "area": 169751.4506, "bbox": [0.0, 96.3, 407.41, 416.66], "iscrowd": 0, "attributes": {"occluded": false}}, {"id": 36, "image_id": 28, "category_id": 2, "segmentation": [], "area": 525035.3291999999, "bbox": [322.22, 595.93, 877.78, 598.14], "iscrowd": 0, "attributes": {"occluded": false}}, {"id": 37, "image_id": 28, "category_id": 1, "segmentation": [], "area": 137756.2428, "bbox": [201.85, 288.89, 381.48, 361.11], "iscrowd": 0, "attributes": {"occluded": false}}, {"id": 38, "image_id": 30, "category_id": 1, "segmentation": [], "area": 39542.0949, "bbox": [532.48, 698.32, 329.49, 120.01], "iscrowd": 0, "attributes": {"occluded": false}}, {"id": 39, "image_id": 30, "category_id": 2, "segmentation": [], "area": 228264.27890000006, "bbox": [178.98, 678.68, 556.43, 410.23], "iscrowd": 0, "attributes": {"occluded": false}}, {"id": 40, "image_id": 31, "category_id": 1, "segmentation": [], "area": 937990.4471999999, "bbox": [140.74, 125.93, 962.96, 974.07], "iscrowd": 0, "attributes": {"occluded": false}}, {"id": 41, "image_id": 32, "category_id": 1, "segmentation": [], "area": 712833.3004, "bbox": [281.48, 90.74, 664.82, 1072.22], "iscrowd": 0, "attributes": {"occluded": false}}, {"id": 42, "image_id": 33, "category_id": 1, "segmentation": [], "area": 814033.6893, "bbox": [88.89, 122.22, 970.37, 838.89], "iscrowd": 0, "attributes": {"occluded": false}}, {"id": 43, "image_id": 34, "category_id": 1, "segmentation": [], "area": 174596.738, "bbox": [51.85, 520.37, 1096.3, 159.26], "iscrowd": 0, "attributes": {"occluded": false}}, {"id": 44, "image_id": 35, "category_id": 1, "segmentation": [], "area": 913991.2704, "bbox": [156.96, 62.83, 858.24, 1064.96], "iscrowd": 0, "attributes": {"occluded": false}}, {"id": 45, "image_id": 36, "category_id": 1, "segmentation": [], "area": 587071.2000000001, "bbox": [308.33, 118.33, 863.34, 680.0], "iscrowd": 0, "attributes": {"occluded": false}}, {"id": 46, "image_id": 37, "category_id": 2, "segmentation": [], "area": 249908.22019999998, "bbox": [2.78, 553.7, 699.22, 357.41], "iscrowd": 0, "attributes": {"occluded": false}}, {"id": 47, "image_id": 37, "category_id": 2, "segmentation": [], "area": 377391.49519999995, "bbox": [0.93, 1.85, 670.37, 562.96], "iscrowd": 0, "attributes": {"occluded": false}}, {"id": 48, "image_id": 38, "category_id": 1, "segmentation": [], "area": 699462.5999999999, "bbox": [410.0, 351.67, 1220.0, 573.33], "iscrowd": 0, "attributes": {"occluded": false}}, {"id": 49, "image_id": 39, "category_id": 1, "segmentation": [], "area": 11767.000999999997, "bbox": [133.18, 107.76, 56.02, 210.05], "iscrowd": 0, "attributes": {"occluded": false}}, {"id": 50, "image_id": 39, "category_id": 1, "segmentation": [], "area": 7450.897200000002, "bbox": [267.83, 364.13, 182.04, 40.93], "iscrowd": 0, "attributes": {"occluded": false}}, {"id": 51, "image_id": 39, "category_id": 1, "segmentation": [], "area": 2461.2822000000006, "bbox": [831.18, 294.1, 22.62, 108.81], "iscrowd": 0, "attributes": {"occluded": false}}, {"id": 52, "image_id": 39, "category_id": 2, "segmentation": [], "area": 8866.1352, "bbox": [360.5, 214.4, 97.99, 90.48], "iscrowd": 0, "attributes": {"occluded": false}}, {"id": 53, "image_id": 39, "category_id": 2, "segmentation": [], "area": 8354.4939, "bbox": [510.19, 434.14, 80.79, 103.41], "iscrowd": 0, "attributes": {"occluded": false}}, {"id": 54, "image_id": 39, "category_id": 2, "segmentation": [], "area": 6845.606000000009, "bbox": [831.18, 512.78, 107.72, 63.55], "iscrowd": 0, "attributes": {"occluded": false}}, {"id": 55, "image_id": 40, "category_id": 1, "segmentation": [], "area": 30881.260500000008, "bbox": [437.78, 335.56, 471.11, 65.55], "iscrowd": 0, "attributes": {"occluded": false}}, {"id": 56, "image_id": 40, "category_id": 2, "segmentation": [], "area": 253865.59999999998, "bbox": [115.56, 105.56, 793.33, 320.0], "iscrowd": 0, "attributes": {"occluded": false}}, {"id": 57, "image_id": 41, "category_id": 1, "segmentation": [], "area": 8330380.550399999, "bbox": [32.13, 27.96, 2842.59, 2930.56], "iscrowd": 0, "attributes": {"occluded": false}}, {"id": 58, "image_id": 42, "category_id": 1, "segmentation": [], "area": 565382.76, "bbox": [357.04, 480.11, 1201.0, 470.76], "iscrowd": 0, "attributes": {"occluded": false}}, {"id": 59, "image_id": 43, "category_id": 1, "segmentation": [], "area": 1384121.9832000001, "bbox": [0.0, 1.77, 1296.14, 1067.88], "iscrowd": 0, "attributes": {"occluded": false}}, {"id": 60, "image_id": 44, "category_id": 1, "segmentation": [], "area": 230585.652, "bbox": [121.5, 490.75, 975.9, 236.28], "iscrowd": 0, "attributes": {"occluded": false}}, {"id": 61, "image_id": 45, "category_id": 1, "segmentation": [], "area": 1557400.0, "bbox": [0.0, 6.0, 1300.0, 1198.0], "iscrowd": 0, "attributes": {"occluded": false}}, {"id": 62, "image_id": 46, "category_id": 1, "segmentation": [], "area": 89594.01849999998, "bbox": [88.89, 261.11, 655.55, 136.67], "iscrowd": 0, "attributes": {"occluded": false}}, {"id": 63, "image_id": 46, "category_id": 1, "segmentation": [], "area": 89879.4568, "bbox": [93.33, 363.33, 577.78, 155.56], "iscrowd": 0, "attributes": {"occluded": false}}, {"id": 64, "image_id": 46, "category_id": 1, "segmentation": [], "area": 120258.70740000003, "bbox": [44.44, 418.89, 566.67, 212.22], "iscrowd": 0, "attributes": {"occluded": false}}, {"id": 65, "image_id": 47, "category_id": 1, "segmentation": [], "area": 62914.46419999999, "bbox": [711.11, 24.44, 108.89, 577.78], "iscrowd": 0, "attributes": {"occluded": false}}, {"id": 66, "image_id": 48, "category_id": 1, "segmentation": [], "area": 177237.7432, "bbox": [75.56, 234.44, 822.22, 215.56], "iscrowd": 0, "attributes": {"occluded": false}}, {"id": 67, "image_id": 48, "category_id": 2, "segmentation": [], "area": 216512.06420000002, "bbox": [777.78, 0.0, 502.22, 431.11], "iscrowd": 0, "attributes": {"occluded": false}}, {"id": 68, "image_id": 48, "category_id": 2, "segmentation": [], "area": 377390.1656999999, "bbox": [346.7, 258.9, 824.41, 457.77], "iscrowd": 0, "attributes": {"occluded": false}}, {"id": 69, "image_id": 49, "category_id": 1, "segmentation": [], "area": 16235.785200000013, "bbox": [635.56, 120.0, 53.33, 304.44], "iscrowd": 0, "attributes": {"occluded": false}}, {"id": 70, "image_id": 50, "category_id": 1, "segmentation": [], "area": 105962.465, "bbox": [293.3, 277.33, 794.5, 133.37], "iscrowd": 0, "attributes": {"occluded": false}}, {"id": 71, "image_id": 51, "category_id": 1, "segmentation": [], "area": 829494.0605, "bbox": [23.78, 636.88, 1129.87, 734.15], "iscrowd": 0, "attributes": {"occluded": false}}, {"id": 72, "image_id": 53, "category_id": 1, "segmentation": [], "area": 153927.4926, "bbox": [190.0, 18.67, 463.33, 332.22], "iscrowd": 0, "attributes": {"occluded": false}}, {"id": 73, "image_id": 54, "category_id": 1, "segmentation": [], "area": 39419.63119999999, "bbox": [164.86, 358.17, 108.26, 364.12], "iscrowd": 0, "attributes": {"occluded": false}}, {"id": 74, "image_id": 55, "category_id": 2, "segmentation": [], "area": 724750.9227, "bbox": [37.21, 111.9, 804.93, 900.39], "iscrowd": 0, "attributes": {"occluded": false}}, {"id": 75, "image_id": 56, "category_id": 1, "segmentation": [], "area": 223861.12739999994, "bbox": [277.91, 234.49, 613.89, 364.66], "iscrowd": 0, "attributes": {"occluded": false}}, {"id": 76, "image_id": 57, "category_id": 2, "segmentation": [], "area": 55938.890799999994, "bbox": [37.0, 463.03, 275.86, 202.78], "iscrowd": 0, "attributes": {"occluded": false}}, {"id": 77, "image_id": 57, "category_id": 2, "segmentation": [], "area": 90294.76410000003, "bbox": [698.9, 473.33, 466.23, 193.67], "iscrowd": 0, "attributes": {"occluded": false}}, {"id": 78, "image_id": 57, "category_id": 1, "segmentation": [], "area": 41628.63820000001, "bbox": [494.02, 441.4, 416.87, 99.86], "iscrowd": 0, "attributes": {"occluded": false}}, {"id": 79, "image_id": 58, "category_id": 1, "segmentation": [], "area": 245297.185, "bbox": [872.88, 588.78, 693.91, 353.5], "iscrowd": 0, "attributes": {"occluded": false}}, {"id": 80, "image_id": 58, "category_id": 2, "segmentation": [], "area": 765131.1843999999, "bbox": [545.57, 636.78, 1056.14, 724.46], "iscrowd": 0, "attributes": {"occluded": false}}, {"id": 81, "image_id": 58, "category_id": 2, "segmentation": [], "area": 305346.4272, "bbox": [1254.75, 560.41, 728.82, 418.96], "iscrowd": 0, "attributes": {"occluded": false}}, {"id": 82, "image_id": 59, "category_id": 1, "segmentation": [], "area": 4145807.3944999995, "bbox": [130.63, 32.2, 2729.57, 1518.85], "iscrowd": 0, "attributes": {"occluded": false}}, {"id": 83, "image_id": 60, "category_id": 1, "segmentation": [], "area": 537636.7000000001, "bbox": [121.67, 139.67, 745.0, 721.66], "iscrowd": 0, "attributes": {"occluded": false}}, {"id": 84, "image_id": 61, "category_id": 1, "segmentation": [], "area": 519569.05, "bbox": [133.33, 141.33, 726.67, 715.0], "iscrowd": 0, "attributes": {"occluded": false}}, {"id": 85, "image_id": 62, "category_id": 1, "segmentation": [], "area": 582655.3722, "bbox": [111.67, 121.33, 768.33, 758.34], "iscrowd": 0, "attributes": {"occluded": false}}, {"id": 86, "image_id": 63, "category_id": 1, "segmentation": [], "area": 373422.6045, "bbox": [51.7, 9.94, 224.73, 1661.65], "iscrowd": 0, "attributes": {"occluded": false}}, {"id": 87, "image_id": 64, "category_id": 1, "segmentation": [], "area": 437.0256, "bbox": [55.17, 51.71, 21.36, 20.46], "iscrowd": 0, "attributes": {"occluded": false}}, {"id": 88, "image_id": 64, "category_id": 1, "segmentation": [], "area": 412.4736000000001, "bbox": [143.94, 46.89, 20.46, 20.16], "iscrowd": 0, "attributes": {"occluded": false}}, {"id": 89, "image_id": 64, "category_id": 1, "segmentation": [], "area": 382.50360000000035, "bbox": [224.29, 46.89, 19.86, 19.26], "iscrowd": 0, "attributes": {"occluded": false}}, {"id": 90, "image_id": 64, "category_id": 1, "segmentation": [], "area": 469.49890000000005, "bbox": [137.92, 129.04, 21.97, 21.37], "iscrowd": 0, "attributes": {"occluded": false}}, {"id": 91, "image_id": 66, "category_id": 1, "segmentation": [], "area": 3661.3500000000013, "bbox": [111.3, 45.5, 23.1, 158.5], "iscrowd": 0, "attributes": {"occluded": false}}, {"id": 92, "image_id": 69, "category_id": 1, "segmentation": [], "area": 9149.790799999999, "bbox": [96.15, 59.12, 66.67, 137.24], "iscrowd": 0, "attributes": {"occluded": false}}, {"id": 93, "image_id": 70, "category_id": 1, "segmentation": [], "area": 26115.951200000003, "bbox": [10.46, 62.22, 249.77, 104.56], "iscrowd": 0, "attributes": {"occluded": false}}, {"id": 94, "image_id": 71, "category_id": 2, "segmentation": [], "area": 22756.2387, "bbox": [131.87, 23.45, 143.13, 158.99], "iscrowd": 0, "attributes": {"occluded": false}}, {"id": 95, "image_id": 72, "category_id": 1, "segmentation": [], "area": 110.34, "bbox": [96.2, 97.9, 18.39, 6.0], "iscrowd": 0, "attributes": {"occluded": false}}, {"id": 96, "image_id": 72, "category_id": 2, "segmentation": [], "area": 680.5523999999996, "bbox": [110.59, 79.53, 23.98, 28.38], "iscrowd": 0, "attributes": {"occluded": false}}, {"id": 97, "image_id": 72, "category_id": 2, "segmentation": [], "area": 815.1802, "bbox": [93.8, 99.12, 23.99, 33.98], "iscrowd": 0, "attributes": {"occluded": false}}, {"id": 98, "image_id": 73, "category_id": 1, "segmentation": [], "area": 1182678.1239999996, "bbox": [6.95, 1091.65, 1185.88, 997.3], "iscrowd": 0, "attributes": {"occluded": false}}, {"id": 99, "image_id": 74, "category_id": 1, "segmentation": [], "area": 519889.44750000007, "bbox": [134.7, 237.78, 1045.95, 497.05], "iscrowd": 0, "attributes": {"occluded": false}}, {"id": 100, "image_id": 75, "category_id": 1, "segmentation": [], "area": 795002.4797, "bbox": [936.87, 653.37, 1066.13, 745.69], "iscrowd": 0, "attributes": {"occluded": false}}, {"id": 101, "image_id": 75, "category_id": 1, "segmentation": [], "area": 1008169.5000000001, "bbox": [809.9, 429.4, 1193.1, 845.0], "iscrowd": 0, "attributes": {"occluded": false}}, {"id": 102, "image_id": 76, "category_id": 1, "segmentation": [], "area": 180245.96039999995, "bbox": [540.77, 968.9, 794.28, 226.93], "iscrowd": 0, "attributes": {"occluded": false}}, {"id": 103, "image_id": 76, "category_id": 2, "segmentation": [], "area": 631938.935, "bbox": [0.0, 925.25, 1304.5, 484.43], "iscrowd": 0, "attributes": {"occluded": false}}, {"id": 104, "image_id": 77, "category_id": 1, "segmentation": [], "area": 13312227.511899998, "bbox": [16.27, 229.07, 5167.73, 2576.03], "iscrowd": 0, "attributes": {"occluded": false}}, {"id": 105, "image_id": 78, "category_id": 2, "segmentation": [], "area": 1610066.9662000001, "bbox": [0.0, 632.02, 1178.69, 1365.98], "iscrowd": 0, "attributes": {"occluded": false}}, {"id": 106, "image_id": 78, "category_id": 2, "segmentation": [], "area": 1932775.8450000004, "bbox": [904.28, 570.35, 1359.75, 1421.42], "iscrowd": 0, "attributes": {"occluded": false}}, {"id": 107, "image_id": 78, "category_id": 1, "segmentation": [], "area": 153531.92139999988, "bbox": [497.28, 783.1, 1464.58, 104.83], "iscrowd": 0, "attributes": {"occluded": false}}, {"id": 108, "image_id": 79, "category_id": 2, "segmentation": [], "area": 88752.00000000001, "bbox": [287.5, 177.08, 300.0, 295.84], "iscrowd": 0, "attributes": {"occluded": false}}, {"id": 109, "image_id": 79, "category_id": 2, "segmentation": [], "area": 61094.81250000001, "bbox": [473.96, 248.96, 191.67, 318.75], "iscrowd": 0, "attributes": {"occluded": false}}, {"id": 110, "image_id": 79, "category_id": 1, "segmentation": [], "area": 14062.5, "bbox": [545.83, 390.62, 112.5, 125.0], "iscrowd": 0, "attributes": {"occluded": false}}, {"id": 111, "image_id": 79, "category_id": 2, "segmentation": [], "area": 52898.038199999995, "bbox": [509.38, 43.75, 288.54, 183.33], "iscrowd": 0, "attributes": {"occluded": false}}, {"id": 112, "image_id": 80, "category_id": 1, "segmentation": [], "area": 238129.46499999997, "bbox": [251.85, 425.93, 394.45, 603.7], "iscrowd": 0, "attributes": {"occluded": false}}, {"id": 113, "image_id": 80, "category_id": 2, "segmentation": [], "area": 1009337.0054999999, "bbox": [3.7, 153.7, 1048.15, 962.97], "iscrowd": 0, "attributes": {"occluded": false}}, {"id": 114, "image_id": 80, "category_id": 2, "segmentation": [], "area": 156063.558, "bbox": [0.44, 823.78, 415.56, 375.55], "iscrowd": 0, "attributes": {"occluded": false}}, {"id": 115, "image_id": 81, "category_id": 2, "segmentation": [], "area": 375049.85049999994, "bbox": [404.38, 447.12, 808.21, 464.05], "iscrowd": 0, "attributes": {"occluded": false}}, {"id": 116, "image_id": 81, "category_id": 2, "segmentation": [], "area": 221166.479, "bbox": [872.8, 203.1, 406.22, 544.45], "iscrowd": 0, "attributes": {"occluded": false}}, {"id": 117, "image_id": 81, "category_id": 2, "segmentation": [], "area": 323680.9925, "bbox": [0.0, 1.4, 486.19, 665.75], "iscrowd": 0, "attributes": {"occluded": false}}, {"id": 118, "image_id": 81, "category_id": 1, "segmentation": [], "area": 101532.78740000002, "bbox": [709.18, 269.39, 455.59, 222.86], "iscrowd": 0, "attributes": {"occluded": false}}, {"id": 119, "image_id": 82, "category_id": 1, "segmentation": [], "area": 38865.32650000002, "bbox": [665.46, 475.21, 436.15, 89.11], "iscrowd": 0, "attributes": {"occluded": false}}, {"id": 120, "image_id": 82, "category_id": 2, "segmentation": [], "area": 402886.431, "bbox": [1.07, 92.21, 665.95, 604.98], "iscrowd": 0, "attributes": {"occluded": false}}, {"id": 121, "image_id": 82, "category_id": 2, "segmentation": [], "area": 539225.6375000001, "bbox": [398.14, 3.1, 864.49, 623.75], "iscrowd": 0, "attributes": {"occluded": false}}, {"id": 122, "image_id": 83, "category_id": 2, "segmentation": [], "area": 225730.6164, "bbox": [562.46, 0.0, 535.77, 421.32], "iscrowd": 0, "attributes": {"occluded": false}}, {"id": 123, "image_id": 83, "category_id": 1, "segmentation": [], "area": 81040.70820000001, "bbox": [152.42, 263.88, 633.18, 127.99], "iscrowd": 0, "attributes": {"occluded": false}}, {"id": 124, "image_id": 84, "category_id": 1, "segmentation": [], "area": 70020.3042, "bbox": [573.0, 488.88, 393.66, 177.87], "iscrowd": 0, "attributes": {"occluded": false}}, {"id": 125, "image_id": 84, "category_id": 2, "segmentation": [], "area": 247333.76990000004, "bbox": [615.28, 95.22, 559.87, 441.77], "iscrowd": 0, "attributes": {"occluded": false}}, {"id": 126, "image_id": 84, "category_id": 2, "segmentation": [], "area": 139198.49510000003, "bbox": [135.61, 535.53, 526.33, 264.47], "iscrowd": 0, "attributes": {"occluded": false}}, {"id": 127, "image_id": 85, "category_id": 1, "segmentation": [], "area": 38888.00000000002, "bbox": [324.44, 468.89, 200.0, 194.44], "iscrowd": 0, "attributes": {"occluded": false}}, {"id": 128, "image_id": 86, "category_id": 2, "segmentation": [], "area": 107163.47460000002, "bbox": [642.6, 672.7, 550.29, 194.74], "iscrowd": 0, "attributes": {"occluded": false}}, {"id": 129, "image_id": 86, "category_id": 1, "segmentation": [], "area": 26118.7112, "bbox": [464.09, 567.95, 147.53, 177.04], "iscrowd": 0, "attributes": {"occluded": false}}, {"id": 130, "image_id": 87, "category_id": 1, "segmentation": [], "area": 2450559.574300001, "bbox": [3674.62, 2747.6, 3826.07, 640.49], "iscrowd": 0, "attributes": {"occluded": false}}, {"id": 131, "image_id": 87, "category_id": 2, "segmentation": [], "area": 6566412.532, "bbox": [6025.89, 1340.21, 2140.57, 3067.6], "iscrowd": 0, "attributes": {"occluded": false}}, {"id": 132, "image_id": 87, "category_id": 2, "segmentation": [], "area": 10554484.3635, "bbox": [2646.47, 2553.77, 3640.67, 2899.05], "iscrowd": 0, "attributes": {"occluded": false}}, {"id": 133, "image_id": 88, "category_id": 1, "segmentation": [], "area": 88420.8111, "bbox": [126.67, 308.33, 153.33, 576.67], "iscrowd": 0, "attributes": {"occluded": false}}, {"id": 134, "image_id": 88, "category_id": 1, "segmentation": [], "area": 63273.25559999999, "bbox": [281.67, 316.67, 111.66, 566.66], "iscrowd": 0, "attributes": {"occluded": false}}, {"id": 135, "image_id": 88, "category_id": 1, "segmentation": [], "area": 64598.09999999999, "bbox": [395.0, 313.33, 113.33, 570.0], "iscrowd": 0, "attributes": {"occluded": false}}, {"id": 136, "image_id": 88, "category_id": 1, "segmentation": [], "area": 71462.20000000001, "bbox": [506.67, 218.33, 106.66, 670.0], "iscrowd": 0, "attributes": {"occluded": false}}, {"id": 137, "image_id": 88, "category_id": 1, "segmentation": [], "area": 61335.24999999998, "bbox": [615.0, 313.33, 106.67, 575.0], "iscrowd": 0, "attributes": {"occluded": false}}, {"id": 138, "image_id": 88, "category_id": 1, "segmentation": [], "area": 66630.13889999998, "bbox": [723.33, 295.0, 111.67, 596.67], "iscrowd": 0, "attributes": {"occluded": false}}, {"id": 139, "image_id": 88, "category_id": 1, "segmentation": [], "area": 74280.28889999999, "bbox": [843.33, 258.33, 116.67, 636.67], "iscrowd": 0, "attributes": {"occluded": false}}, {"id": 140, "image_id": 88, "category_id": 1, "segmentation": [], "area": 86665.79999999993, "bbox": [963.33, 226.67, 130.0, 666.66], "iscrowd": 0, "attributes": {"occluded": false}}, {"id": 141, "image_id": 88, "category_id": 1, "segmentation": [], "area": 62883.70000000001, "bbox": [1086.67, 318.33, 110.0, 571.67], "iscrowd": 0, "attributes": {"occluded": false}}, {"id": 142, "image_id": 88, "category_id": 1, "segmentation": [], "area": 83135.14439999989, "bbox": [1196.67, 208.33, 121.66, 683.34], "iscrowd": 0, "attributes": {"occluded": false}}, {"id": 143, "image_id": 88, "category_id": 1, "segmentation": [], "area": 100218.82779999996, "bbox": [1300.0, 141.67, 133.33, 751.66], "iscrowd": 0, "attributes": {"occluded": false}}, {"id": 144, "image_id": 88, "category_id": 1, "segmentation": [], "area": 86004.30000000009, "bbox": [1413.33, 253.33, 133.34, 645.0], "iscrowd": 0, "attributes": {"occluded": false}}, {"id": 145, "image_id": 88, "category_id": 1, "segmentation": [], "area": 93284.29999999999, "bbox": [1538.33, 238.33, 145.0, 643.34], "iscrowd": 0, "attributes": {"occluded": false}}, {"id": 146, "image_id": 88, "category_id": 1, "segmentation": [], "area": 68333.75, "bbox": [1685.0, 325.0, 125.0, 546.67], "iscrowd": 0, "attributes": {"occluded": false}}, {"id": 147, "image_id": 89, "category_id": 1, "segmentation": [], "area": 1085475.6656, "bbox": [1117.93, 0.0, 1282.28, 846.52], "iscrowd": 0, "attributes": {"occluded": false}}, {"id": 148, "image_id": 90, "category_id": 1, "segmentation": [], "area": 146544.34500000003, "bbox": [381.45, 265.66, 475.5, 308.19], "iscrowd": 0, "attributes": {"occluded": false}}, {"id": 149, "image_id": 91, "category_id": 1, "segmentation": [], "area": 162469.58640000003, "bbox": [151.39, 308.33, 456.94, 355.56], "iscrowd": 0, "attributes": {"occluded": false}}, {"id": 150, "image_id": 91, "category_id": 2, "segmentation": [], "area": 191192.9568, "bbox": [0.0, 413.89, 394.44, 484.72], "iscrowd": 0, "attributes": {"occluded": false}}, {"id": 151, "image_id": 91, "category_id": 2, "segmentation": [], "area": 253789.85340000002, "bbox": [327.78, 316.67, 436.11, 581.94], "iscrowd": 0, "attributes": {"occluded": false}}, {"id": 152, "image_id": 92, "category_id": 1, "segmentation": [], "area": 285827.6685, "bbox": [0.0, 134.57, 820.99, 348.15], "iscrowd": 0, "attributes": {"occluded": false}}, {"id": 153, "image_id": 93, "category_id": 1, "segmentation": [], "area": 330566.3928, "bbox": [130.65, 309.27, 1330.14, 248.52], "iscrowd": 0, "attributes": {"occluded": false}}, {"id": 154, "image_id": 94, "category_id": 1, "segmentation": [], "area": 335314.23120000004, "bbox": [132.7, 70.79, 228.24, 1469.13], "iscrowd": 0, "attributes": {"occluded": false}}, {"id": 155, "image_id": 94, "category_id": 1, "segmentation": [], "area": 338560.80720000004, "bbox": [434.4, 76.03, 230.86, 1466.52], "iscrowd": 0, "attributes": {"occluded": false}}, {"id": 156, "image_id": 94, "category_id": 1, "segmentation": [], "area": 334319.90900000004, "bbox": [730.85, 86.53, 230.86, 1448.15], "iscrowd": 0, "attributes": {"occluded": false}}, {"id": 157, "image_id": 95, "category_id": 1, "segmentation": [], "area": 93349.06050000002, "bbox": [698.89, 218.89, 545.55, 171.11], "iscrowd": 0, "attributes": {"occluded": false}}, {"id": 158, "image_id": 96, "category_id": 1, "segmentation": [], "area": 274263.55000000005, "bbox": [720.0, 145.0, 293.33, 935.0], "iscrowd": 0, "attributes": {"occluded": false}}, {"id": 159, "image_id": 96, "category_id": 2, "segmentation": [], "area": 690300.0, "bbox": [0.0, 491.67, 1180.0, 585.0], "iscrowd": 0, "attributes": {"occluded": false}}, {"id": 160, "image_id": 97, "category_id": 1, "segmentation": [], "area": 497201.10000000003, "bbox": [1528.33, 50.0, 330.0, 1506.67], "iscrowd": 0, "attributes": {"occluded": false}}, {"id": 161, "image_id": 98, "category_id": 2, "segmentation": [], "area": 259890.04999999996, "bbox": [490.22, 295.23, 479.06, 542.5], "iscrowd": 0, "attributes": {"occluded": false}}, {"id": 162, "image_id": 98, "category_id": 2, "segmentation": [], "area": 106211.1392, "bbox": [886.42, 552.89, 372.88, 284.84], "iscrowd": 0, "attributes": {"occluded": false}}, {"id": 163, "image_id": 98, "category_id": 1, "segmentation": [], "area": 279495.7320000001, "bbox": [724.57, 227.9, 458.34, 609.8], "iscrowd": 0, "attributes": {"occluded": false}}, {"id": 164, "image_id": 99, "category_id": 1, "segmentation": [], "area": 52820.714000000014, "bbox": [894.1, 121.82, 416.6, 126.79], "iscrowd": 0, "attributes": {"occluded": false}}, {"id": 165, "image_id": 99, "category_id": 2, "segmentation": [], "area": 59287.59650000004, "bbox": [1113.1, 0.0, 233.83, 253.55], "iscrowd": 0, "attributes": {"occluded": false}}, {"id": 166, "image_id": 99, "category_id": 2, "segmentation": [], "area": 27820.104000000025, "bbox": [729.43, 451.15, 281.58, 98.8], "iscrowd": 0, "attributes": {"occluded": false}}, {"id": 167, "image_id": 100, "category_id": 1, "segmentation": [], "area": 518995.0945, "bbox": [54.04, 186.76, 878.09, 591.05], "iscrowd": 0, "attributes": {"occluded": false}}, {"id": 168, "image_id": 101, "category_id": 1, "segmentation": [], "area": 517148.0383999999, "bbox": [29.35, 246.94, 962.96, 537.04], "iscrowd": 0, "attributes": {"occluded": false}}, {"id": 169, "image_id": 102, "category_id": 1, "segmentation": [], "area": 160986.35519999996, "bbox": [466.93, 67.74, 198.22, 812.16], "iscrowd": 0, "attributes": {"occluded": false}}, {"id": 170, "image_id": 102, "category_id": 1, "segmentation": [], "area": 167704.42409999992, "bbox": [695.44, 53.97, 203.73, 823.17], "iscrowd": 0, "attributes": {"occluded": false}}, {"id": 171, "image_id": 102, "category_id": 1, "segmentation": [], "area": 547370.9629, "bbox": [107.65, 422.88, 1415.09, 386.81], "iscrowd": 0, "attributes": {"occluded": false}}, {"id": 172, "image_id": 103, "category_id": 1, "segmentation": [], "area": 193187.64849999998, "bbox": [749.12, 549.25, 792.89, 243.65], "iscrowd": 0, "attributes": {"occluded": false}}, {"id": 173, "image_id": 103, "category_id": 1, "segmentation": [], "area": 332353.5192000001, "bbox": [454.5, 251.92, 1077.88, 308.34], "iscrowd": 0, "attributes": {"occluded": false}}, {"id": 174, "image_id": 104, "category_id": 1, "segmentation": [], "area": 155503.9821, "bbox": [603.74, 489.57, 765.69, 203.09], "iscrowd": 0, "attributes": {"occluded": false}}, {"id": 175, "image_id": 104, "category_id": 1, "segmentation": [], "area": 211914.2401, "bbox": [296.36, 388.03, 843.91, 251.11], "iscrowd": 0, "attributes": {"occluded": false}}, {"id": 176, "image_id": 104, "category_id": 1, "segmentation": [], "area": 314421.4538999999, "bbox": [487.1, 184.94, 1041.51, 301.89], "iscrowd": 0, "attributes": {"occluded": false}}, {"id": 177, "image_id": 104, "category_id": 1, "segmentation": [], "area": 453597.34099999996, "bbox": [50.74, 46.35, 1202.06, 377.35], "iscrowd": 0, "attributes": {"occluded": false}}, {"id": 178, "image_id": 105, "category_id": 1, "segmentation": [], "area": 410891.81560000003, "bbox": [145.97, 982.51, 1448.23, 283.72], "iscrowd": 0, "attributes": {"occluded": false}}, {"id": 179, "image_id": 106, "category_id": 1, "segmentation": [], "area": 92967.50160000002, "bbox": [329.63, 493.83, 545.68, 170.37], "iscrowd": 0, "attributes": {"occluded": false}}, {"id": 180, "image_id": 106, "category_id": 2, "segmentation": [], "area": 116667.40069999998, "bbox": [1.23, 541.97, 454.33, 256.79], "iscrowd": 0, "attributes": {"occluded": false}}, {"id": 181, "image_id": 106, "category_id": 2, "segmentation": [], "area": 187195.27560000002, "bbox": [511.11, 214.8, 393.83, 475.32], "iscrowd": 0, "attributes": {"occluded": false}}, {"id": 182, "image_id": 107, "category_id": 2, "segmentation": [], "area": 284108.34599999996, "bbox": [654.88, 609.24, 610.92, 465.05], "iscrowd": 0, "attributes": {"occluded": false}}, {"id": 183, "image_id": 107, "category_id": 2, "segmentation": [], "area": 332463.23549999995, "bbox": [273.92, 149.34, 432.45, 768.79], "iscrowd": 0, "attributes": {"occluded": false}}, {"id": 184, "image_id": 107, "category_id": 1, "segmentation": [], "area": 35478.4064, "bbox": [936.32, 41.23, 82.37, 430.72], "iscrowd": 0, "attributes": {"occluded": false}}, {"id": 185, "image_id": 107, "category_id": 1, "segmentation": [], "area": 29098.785200000006, "bbox": [490.14, 429.05, 70.36, 413.57], "iscrowd": 0, "attributes": {"occluded": false}}, {"id": 186, "image_id": 108, "category_id": 1, "segmentation": [], "area": 31025.005499999974, "bbox": [625.71, 291.77, 84.09, 368.95], "iscrowd": 0, "attributes": {"occluded": false}}, {"id": 187, "image_id": 108, "category_id": 2, "segmentation": [], "area": 180220.7036, "bbox": [570.8, 636.7, 386.11, 466.76], "iscrowd": 0, "attributes": {"occluded": false}}, {"id": 188, "image_id": 108, "category_id": 2, "segmentation": [], "area": 334529.99600000004, "bbox": [188.12, 89.28, 609.2, 549.13], "iscrowd": 0, "attributes": {"occluded": false}}, {"id": 189, "image_id": 109, "category_id": 1, "segmentation": [], "area": 6975488.0, "bbox": [757.07, 613.07, 3328.0, 2096.0], "iscrowd": 0, "attributes": {"occluded": false}}, {"id": 190, "image_id": 110, "category_id": 2, "segmentation": [], "area": 99847.72510000001, "bbox": [4.44, 93.33, 330.37, 302.23], "iscrowd": 0, "attributes": {"occluded": false}}, {"id": 191, "image_id": 110, "category_id": 1, "segmentation": [], "area": 62096.03399999999, "bbox": [785.19, 404.44, 127.4, 487.41], "iscrowd": 0, "attributes": {"occluded": false}}, {"id": 192, "image_id": 110, "category_id": 1, "segmentation": [], "area": 180197.03100000002, "bbox": [38.52, 13.33, 383.7, 469.63], "iscrowd": 0, "attributes": {"occluded": false}}, {"id": 193, "image_id": 110, "category_id": 1, "segmentation": [], "area": 730074.4, "bbox": [47.41, 45.93, 829.63, 880.0], "iscrowd": 0, "attributes": {"occluded": false}}, {"id": 194, "image_id": 111, "category_id": 1, "segmentation": [], "area": 14538.9904, "bbox": [453.09, 323.46, 44.44, 327.16], "iscrowd": 0, "attributes": {"occluded": false}}, {"id": 195, "image_id": 111, "category_id": 2, "segmentation": [], "area": 95980.61280000002, "bbox": [517.3, 387.65, 339.49, 282.72], "iscrowd": 0, "attributes": {"occluded": false}}, {"id": 196, "image_id": 111, "category_id": 2, "segmentation": [], "area": 61517.87699999999, "bbox": [298.77, 529.63, 229.63, 267.9], "iscrowd": 0, "attributes": {"occluded": false}}, {"id": 197, "image_id": 112, "category_id": 1, "segmentation": [], "area": 269674.99999999994, "bbox": [199.03, 212.92, 250.0, 1078.7], "iscrowd": 0, "attributes": {"occluded": false}}, {"id": 198, "image_id": 112, "category_id": 1, "segmentation": [], "area": 282091.6641, "bbox": [446.71, 166.62, 247.69, 1138.89], "iscrowd": 0, "attributes": {"occluded": false}}, {"id": 199, "image_id": 112, "category_id": 1, "segmentation": [], "area": 181021.79700000008, "bbox": [694.4, 333.29, 189.81, 953.7], "iscrowd": 0, "attributes": {"occluded": false}}, {"id": 200, "image_id": 112, "category_id": 1, "segmentation": [], "area": 138646.54319999993, "bbox": [888.84, 423.56, 159.72, 868.06], "iscrowd": 0, "attributes": {"occluded": false}}, {"id": 201, "image_id": 112, "category_id": 1, "segmentation": [], "area": 105979.4736, "bbox": [1050.88, 546.25, 143.52, 738.43], "iscrowd": 0, "attributes": {"occluded": false}}, {"id": 202, "image_id": 112, "category_id": 1, "segmentation": [], "area": 99322.50599999994, "bbox": [1194.4, 534.68, 129.63, 766.2], "iscrowd": 0, "attributes": {"occluded": false}}, {"id": 203, "image_id": 113, "category_id": 1, "segmentation": [], "area": 448160.6940999999, "bbox": [46.33, 234.6, 882.71, 507.71], "iscrowd": 0, "attributes": {"occluded": false}}, {"id": 204, "image_id": 114, "category_id": 1, "segmentation": [], "area": 1368698.3710999996, "bbox": [88.42, 226.68, 1583.83, 864.17], "iscrowd": 0, "attributes": {"occluded": false}}, {"id": 205, "image_id": 115, "category_id": 1, "segmentation": [], "area": 221683.54109999997, "bbox": [37.42, 455.71, 1210.79, 183.09], "iscrowd": 0, "attributes": {"occluded": false}}, {"id": 206, "image_id": 115, "category_id": 1, "segmentation": [], "area": 17333.310600000008, "bbox": [21.38, 712.31, 281.98, 61.47], "iscrowd": 0, "attributes": {"occluded": false}}, {"id": 207, "image_id": 115, "category_id": 1, "segmentation": [], "area": 14734.108799999982, "bbox": [307.37, 716.32, 298.02, 49.44], "iscrowd": 0, "attributes": {"occluded": false}}, {"id": 208, "image_id": 116, "category_id": 1, "segmentation": [], "area": 560431.9, "bbox": [21.67, 113.33, 1303.33, 430.0], "iscrowd": 0, "attributes": {"occluded": false}}, {"id": 209, "image_id": 117, "category_id": 2, "segmentation": [], "area": 30186.720299999983, "bbox": [1422.26, 766.59, 152.79, 197.57], "iscrowd": 0, "attributes": {"occluded": false}}, {"id": 210, "image_id": 117, "category_id": 2, "segmentation": [], "area": 62302.734999999964, "bbox": [1885.36, 963.37, 352.99, 176.5], "iscrowd": 0, "attributes": {"occluded": false}}, {"id": 211, "image_id": 117, "category_id": 2, "segmentation": [], "area": 18738.013000000003, "bbox": [1859.54, 829.81, 158.06, 118.55], "iscrowd": 0, "attributes": {"occluded": false}}, {"id": 212, "image_id": 117, "category_id": 2, "segmentation": [], "area": 36027.91020000004, "bbox": [1403.82, 1369.84, 231.81, 155.42], "iscrowd": 0, "attributes": {"occluded": false}}, {"id": 213, "image_id": 117, "category_id": 1, "segmentation": [], "area": 8211.729599999999, "bbox": [747.62, 742.88, 50.28, 163.32], "iscrowd": 0, "attributes": {"occluded": false}}, {"id": 214, "image_id": 119, "category_id": 1, "segmentation": [], "area": 990.4380000000007, "bbox": [60.66, 105.07, 45.96, 21.55], "iscrowd": 0, "attributes": {"occluded": false}}, {"id": 215, "image_id": 120, "category_id": 2, "segmentation": [], "area": 5099.994000000001, "bbox": [0.32, 47.6, 75.78, 67.3], "iscrowd": 0, "attributes": {"occluded": false}}, {"id": 216, "image_id": 120, "category_id": 1, "segmentation": [], "area": 2743.4484, "bbox": [31.99, 61.17, 98.97, 27.72], "iscrowd": 0, "attributes": {"occluded": false}}, {"id": 217, "image_id": 121, "category_id": 1, "segmentation": [], "area": 1553.8868999999997, "bbox": [140.25, 73.28, 62.33, 24.93], "iscrowd": 0, "attributes": {"occluded": false}}, {"id": 218, "image_id": 121, "category_id": 2, "segmentation": [], "area": 8765.200199999997, "bbox": [96.4, 65.3, 85.74, 102.23], "iscrowd": 0, "attributes": {"occluded": false}}, {"id": 219, "image_id": 121, "category_id": 2, "segmentation": [], "area": 8023.877400000001, "bbox": [170.67, 73.28, 99.33, 80.78], "iscrowd": 0, "attributes": {"occluded": false}}, {"id": 220, "image_id": 122, "category_id": 1, "segmentation": [], "area": 4944.225600000001, "bbox": [19.34, 61.4, 155.04, 31.89], "iscrowd": 0, "attributes": {"occluded": false}}, {"id": 221, "image_id": 122, "category_id": 1, "segmentation": [], "area": 4842.1074, "bbox": [21.42, 84.47, 135.33, 35.78], "iscrowd": 0, "attributes": {"occluded": false}}, {"id": 222, "image_id": 122, "category_id": 1, "segmentation": [], "area": 6681.340799999999, "bbox": [9.23, 97.69, 133.52, 50.04], "iscrowd": 0, "attributes": {"occluded": false}}, {"id": 223, "image_id": 124, "category_id": 1, "segmentation": [], "area": 4638.477599999999, "bbox": [127.79, 113.19, 66.16, 70.11], "iscrowd": 0, "attributes": {"occluded": false}}, {"id": 224, "image_id": 125, "category_id": 1, "segmentation": [], "area": 2453.3102, "bbox": [127.78, 97.85, 22.22, 110.41], "iscrowd": 0, "attributes": {"occluded": false}}, {"id": 225, "image_id": 125, "category_id": 1, "segmentation": [], "area": 2819.978399999998, "bbox": [161.46, 88.82, 23.61, 119.44], "iscrowd": 0, "attributes": {"occluded": false}}, {"id": 226, "image_id": 125, "category_id": 1, "segmentation": [], "area": 3663.2739, "bbox": [196.18, 57.57, 24.31, 150.69], "iscrowd": 0, "attributes": {"occluded": false}}, {"id": 227, "image_id": 126, "category_id": 1, "segmentation": [], "area": 2915.2332, "bbox": [8.15, 40.0, 104.94, 27.78], "iscrowd": 0, "attributes": {"occluded": false}}, {"id": 228, "image_id": 126, "category_id": 1, "segmentation": [], "area": 2801.2970000000023, "bbox": [8.77, 335.06, 105.55, 26.54], "iscrowd": 0, "attributes": {"occluded": false}}, {"id": 229, "image_id": 128, "category_id": 1, "segmentation": [], "area": 2371.6907999999994, "bbox": [300.02, 79.93, 46.44, 51.07], "iscrowd": 0, "attributes": {"occluded": false}}, {"id": 230, "image_id": 128, "category_id": 1, "segmentation": [], "area": 2259.1238999999996, "bbox": [327.68, 41.4, 55.33, 40.83], "iscrowd": 0, "attributes": {"occluded": false}}, {"id": 231, "image_id": 128, "category_id": 1, "segmentation": [], "area": 2322.7223999999997, "bbox": [307.26, 0.0, 76.08, 30.53], "iscrowd": 0, "attributes": {"occluded": false}}, {"id": 232, "image_id": 128, "category_id": 1, "segmentation": [], "area": 3015.6035, "bbox": [0.33, 85.86, 66.85, 45.11], "iscrowd": 0, "attributes": {"occluded": false}}, {"id": 233, "image_id": 129, "category_id": 1, "segmentation": [], "area": 9426.250000000002, "bbox": [0.0, 77.95, 125.0, 75.41], "iscrowd": 0, "attributes": {"occluded": false}}, {"id": 234, "image_id": 129, "category_id": 1, "segmentation": [], "area": 4169.2378, "bbox": [203.79, 0.52, 72.02, 57.89], "iscrowd": 0, "attributes": {"occluded": false}}, {"id": 235, "image_id": 130, "category_id": 1, "segmentation": [], "area": 2299.8654, "bbox": [166.23, 64.48, 71.58, 32.13], "iscrowd": 0, "attributes": {"occluded": false}}, {"id": 236, "image_id": 131, "category_id": 1, "segmentation": [], "area": 3492.7802999999994, "bbox": [118.12, 8.82, 24.63, 141.81], "iscrowd": 0, "attributes": {"occluded": false}}, {"id": 237, "image_id": 132, "category_id": 1, "segmentation": [], "area": 718.1880000000002, "bbox": [175.6, 12.58, 19.4, 37.02], "iscrowd": 0, "attributes": {"occluded": false}}, {"id": 238, "image_id": 133, "category_id": 1, "segmentation": [], "area": 9295.0, "bbox": [0.13, 55.36, 65.0, 143.0], "iscrowd": 0, "attributes": {"occluded": false}}, {"id": 239, "image_id": 134, "category_id": 1, "segmentation": [], "area": 34642.305499999995, "bbox": [53.55, 9.53, 208.45, 166.19], "iscrowd": 0, "attributes": {"occluded": false}}, {"id": 240, "image_id": 135, "category_id": 1, "segmentation": [], "area": 5122.233100000001, "bbox": [86.55, 17.26, 28.43, 180.17], "iscrowd": 0, "attributes": {"occluded": false}}, {"id": 241, "image_id": 136, "category_id": 1, "segmentation": [], "area": 7922.849599999999, "bbox": [73.4, 125.88, 63.52, 124.73], "iscrowd": 0, "attributes": {"occluded": false}}, {"id": 242, "image_id": 138, "category_id": 1, "segmentation": [], "area": 958.2408, "bbox": [47.52, 33.97, 19.98, 47.96], "iscrowd": 0, "attributes": {"occluded": false}}, {"id": 243, "image_id": 139, "category_id": 1, "segmentation": [], "area": 2611.0544000000004, "bbox": [31.89, 83.6, 94.33, 27.68], "iscrowd": 0, "attributes": {"occluded": false}}, {"id": 244, "image_id": 139, "category_id": 1, "segmentation": [], "area": 11000.001599999998, "bbox": [122.26, 3.12, 102.24, 107.59], "iscrowd": 0, "attributes": {"occluded": false}}, {"id": 245, "image_id": 141, "category_id": 1, "segmentation": [], "area": 8100.4546, "bbox": [38.16, 44.09, 77.42, 104.63], "iscrowd": 0, "attributes": {"occluded": false}}, {"id": 246, "image_id": 142, "category_id": 1, "segmentation": [], "area": 11918.993199999997, "bbox": [94.73, 90.2, 113.72, 104.81], "iscrowd": 0, "attributes": {"occluded": false}}, {"id": 247, "image_id": 143, "category_id": 1, "segmentation": [], "area": 784.2743999999998, "bbox": [37.02, 60.04, 13.23, 59.28], "iscrowd": 0, "attributes": {"occluded": false}}, {"id": 248, "image_id": 144, "category_id": 1, "segmentation": [], "area": 4222.888, "bbox": [105.63, 99.7, 77.06, 54.8], "iscrowd": 0, "attributes": {"occluded": false}}, {"id": 249, "image_id": 144, "category_id": 1, "segmentation": [], "area": 3019.3922999999986, "bbox": [30.23, 160.27, 62.63, 48.21], "iscrowd": 0, "attributes": {"occluded": false}}, {"id": 250, "image_id": 144, "category_id": 1, "segmentation": [], "area": 4379.270000000001, "bbox": [45.07, 102.17, 85.7, 51.1], "iscrowd": 0, "attributes": {"occluded": false}}, {"id": 251, "image_id": 144, "category_id": 1, "segmentation": [], "area": 6546.172500000001, "bbox": [70.61, 145.85, 98.07, 66.75], "iscrowd": 0, "attributes": {"occluded": false}}, {"id": 252, "image_id": 144, "category_id": 1, "segmentation": [], "area": 459.67999999999944, "bbox": [93.27, 243.5, 27.2, 16.9], "iscrowd": 0, "attributes": {"occluded": false}}, {"id": 253, "image_id": 144, "category_id": 1, "segmentation": [], "area": 4338.945, "bbox": [5.51, 183.35, 74.17, 58.5], "iscrowd": 0, "attributes": {"occluded": false}}, {"id": 254, "image_id": 145, "category_id": 1, "segmentation": [], "area": 13770.183099999998, "bbox": [21.73, 79.65, 212.93, 64.67], "iscrowd": 0, "attributes": {"occluded": false}}, {"id": 255, "image_id": 146, "category_id": 1, "segmentation": [], "area": 9588.2975, "bbox": [22.5, 8.49, 132.71, 72.25], "iscrowd": 0, "attributes": {"occluded": false}}, {"id": 256, "image_id": 146, "category_id": 1, "segmentation": [], "area": 2194.7385999999997, "bbox": [102.9, 50.51, 82.54, 26.59], "iscrowd": 0, "attributes": {"occluded": false}}, {"id": 257, "image_id": 146, "category_id": 1, "segmentation": [], "area": 3215.6236999999996, "bbox": [37.24, 70.42, 47.93, 67.09], "iscrowd": 0, "attributes": {"occluded": false}}, {"id": 258, "image_id": 146, "category_id": 1, "segmentation": [], "area": 4444.024000000001, "bbox": [139.72, 63.78, 98.8, 44.98], "iscrowd": 0, "attributes": {"occluded": false}}, {"id": 259, "image_id": 146, "category_id": 1, "segmentation": [], "area": 2876.0768000000007, "bbox": [153.73, 88.85, 84.79, 33.92], "iscrowd": 0, "attributes": {"occluded": false}}, {"id": 260, "image_id": 148, "category_id": 1, "segmentation": [], "area": 11891.431099999998, "bbox": [83.32, 98.04, 122.63, 96.97], "iscrowd": 0, "attributes": {"occluded": false}}, {"id": 261, "image_id": 149, "category_id": 1, "segmentation": [], "area": 1810.2613000000001, "bbox": [138.38, 35.54, 53.29, 33.97], "iscrowd": 0, "attributes": {"occluded": false}}, {"id": 262, "image_id": 150, "category_id": 1, "segmentation": [], "area": 18890.6833, "bbox": [122.15, 13.77, 164.51, 114.83], "iscrowd": 0, "attributes": {"occluded": false}}, {"id": 263, "image_id": 151, "category_id": 1, "segmentation": [], "area": 853.3308000000001, "bbox": [51.2, 112.54, 47.46, 17.98], "iscrowd": 0, "attributes": {"occluded": false}}, {"id": 264, "image_id": 151, "category_id": 2, "segmentation": [], "area": 4317.436199999998, "bbox": [26.03, 113.98, 47.46, 90.97], "iscrowd": 0, "attributes": {"occluded": false}}, {"id": 265, "image_id": 152, "category_id": 1, "segmentation": [], "area": 6042.0779999999995, "bbox": [81.55, 95.06, 99.54, 60.7], "iscrowd": 0, "attributes": {"occluded": false}}, {"id": 266, "image_id": 153, "category_id": 1, "segmentation": [], "area": 9117.416200000001, "bbox": [72.27, 48.13, 75.22, 121.21], "iscrowd": 0, "attributes": {"occluded": false}}, {"id": 267, "image_id": 154, "category_id": 2, "segmentation": [], "area": 13123.676799999996, "bbox": [55.26, 159.09, 122.72, 106.94], "iscrowd": 0, "attributes": {"occluded": false}}, {"id": 268, "image_id": 154, "category_id": 1, "segmentation": [], "area": 4558.1249000000025, "bbox": [98.58, 20.64, 29.47, 154.67], "iscrowd": 0, "attributes": {"occluded": false}}, {"id": 269, "image_id": 155, "category_id": 1, "segmentation": [], "area": 4391.5676, "bbox": [126.71, 4.31, 30.92, 142.03], "iscrowd": 0, "attributes": {"occluded": false}}, {"id": 270, "image_id": 155, "category_id": 2, "segmentation": [], "area": 12773.966600000002, "bbox": [60.55, 98.52, 109.31, 116.86], "iscrowd": 0, "attributes": {"occluded": false}}, {"id": 271, "image_id": 158, "category_id": 1, "segmentation": [], "area": 239177.8095, "bbox": [427.11, 0.0, 493.71, 484.45], "iscrowd": 0, "attributes": {"occluded": false}}, {"id": 272, "image_id": 158, "category_id": 2, "segmentation": [], "area": 173855.0394, "bbox": [384.65, 1.36, 528.21, 329.14], "iscrowd": 0, "attributes": {"occluded": false}}, {"id": 273, "image_id": 159, "category_id": 2, "segmentation": [], "area": 1111924.9977, "bbox": [571.41, 877.02, 1471.17, 755.81], "iscrowd": 0, "attributes": {"occluded": false}}, {"id": 274, "image_id": 159, "category_id": 2, "segmentation": [], "area": 446206.3469999999, "bbox": [1458.66, 169.24, 586.45, 760.86], "iscrowd": 0, "attributes": {"occluded": false}}, {"id": 275, "image_id": 159, "category_id": 1, "segmentation": [], "area": 221252.71519999995, "bbox": [720.55, 646.99, 1006.06, 219.92], "iscrowd": 0, "attributes": {"occluded": false}}, {"id": 276, "image_id": 160, "category_id": 2, "segmentation": [], "area": 20186.079199999996, "bbox": [911.85, 850.45, 172.06, 117.32], "iscrowd": 0, "attributes": {"occluded": false}}, {"id": 277, "image_id": 161, "category_id": 2, "segmentation": [], "area": 315023.8140000001, "bbox": [531.03, 682.24, 470.55, 669.48], "iscrowd": 0, "attributes": {"occluded": false}}, {"id": 278, "image_id": 161, "category_id": 1, "segmentation": [], "area": 1131731.1276, "bbox": [21.97, 32.02, 928.28, 1219.17], "iscrowd": 0, "attributes": {"occluded": false}}, {"id": 279, "image_id": 162, "category_id": 1, "segmentation": [], "area": 457477.9136000001, "bbox": [285.19, 201.16, 641.66, 712.96], "iscrowd": 0, "attributes": {"occluded": false}}, {"id": 280, "image_id": 162, "category_id": 2, "segmentation": [], "area": 737192.0444999998, "bbox": [33.1, 863.19, 965.05, 763.89], "iscrowd": 0, "attributes": {"occluded": false}}, {"id": 281, "image_id": 162, "category_id": 2, "segmentation": [], "area": 490344.0048, "bbox": [356.48, 425.23, 743.52, 659.49], "iscrowd": 0, "attributes": {"occluded": false}}, {"id": 282, "image_id": 163, "category_id": 1, "segmentation": [], "area": 213438.97119999997, "bbox": [79.63, 340.74, 937.04, 227.78], "iscrowd": 0, "attributes": {"occluded": false}}, {"id": 283, "image_id": 163, "category_id": 1, "segmentation": [], "area": 194134.98219999994, "bbox": [81.48, 612.96, 903.71, 214.82], "iscrowd": 0, "attributes": {"occluded": false}}, {"id": 284, "image_id": 163, "category_id": 1, "segmentation": [], "area": 197427.96090000003, "bbox": [74.07, 875.93, 935.19, 211.11], "iscrowd": 0, "attributes": {"occluded": false}}, {"id": 285, "image_id": 163, "category_id": 1, "segmentation": [], "area": 185593.69960000002, "bbox": [177.78, 72.22, 835.18, 222.22], "iscrowd": 0, "attributes": {"occluded": false}}, {"id": 286, "image_id": 164, "category_id": 2, "segmentation": [], "area": 251107.18599999987, "bbox": [707.21, 514.23, 449.9, 558.14], "iscrowd": 0, "attributes": {"occluded": false}}, {"id": 287, "image_id": 164, "category_id": 2, "segmentation": [], "area": 294764.6826, "bbox": [279.3, 55.87, 541.23, 544.62], "iscrowd": 0, "attributes": {"occluded": false}}, {"id": 288, "image_id": 164, "category_id": 1, "segmentation": [], "area": 54091.35900000001, "bbox": [637.86, 238.53, 98.1, 551.39], "iscrowd": 0, "attributes": {"occluded": false}}, {"id": 289, "image_id": 165, "category_id": 2, "segmentation": [], "area": 322571.46599999996, "bbox": [96.51, 686.21, 561.15, 574.84], "iscrowd": 0, "attributes": {"occluded": false}}, {"id": 290, "image_id": 165, "category_id": 2, "segmentation": [], "area": 217082.98820000002, "bbox": [1036.98, 224.77, 533.78, 406.69], "iscrowd": 0, "attributes": {"occluded": false}}, {"id": 291, "image_id": 165, "category_id": 2, "segmentation": [], "area": 199258.21649999998, "bbox": [1060.45, 772.24, 428.19, 465.35], "iscrowd": 0, "attributes": {"occluded": false}}, {"id": 292, "image_id": 166, "category_id": 1, "segmentation": [], "area": 661640.5782, "bbox": [0.0, 441.39, 1311.14, 504.63], "iscrowd": 0, "attributes": {"occluded": false}}, {"id": 293, "image_id": 166, "category_id": 1, "segmentation": [], "area": 243881.66530000002, "bbox": [0.0, 689.85, 794.17, 307.09], "iscrowd": 0, "attributes": {"occluded": false}}, {"id": 294, "image_id": 166, "category_id": 1, "segmentation": [], "area": 715087.8775000001, "bbox": [0.0, 197.56, 1312.69, 544.75], "iscrowd": 0, "attributes": {"occluded": false}}, {"id": 295, "image_id": 166, "category_id": 1, "segmentation": [], "area": 664500.012, "bbox": [2.5, 21.64, 1393.52, 476.85], "iscrowd": 0, "attributes": {"occluded": false}}, {"id": 296, "image_id": 167, "category_id": 1, "segmentation": [], "area": 866602.6797000001, "bbox": [140.74, 188.89, 985.19, 879.63], "iscrowd": 0, "attributes": {"occluded": false}}, {"id": 297, "image_id": 168, "category_id": 1, "segmentation": [], "area": 273582.56419999996, "bbox": [77.78, 117.78, 888.89, 307.78], "iscrowd": 0, "attributes": {"occluded": false}}, {"id": 298, "image_id": 169, "category_id": 1, "segmentation": [], "area": 612087.6682, "bbox": [66.55, 52.22, 1796.77, 340.66], "iscrowd": 0, "attributes": {"occluded": false}}, {"id": 299, "image_id": 169, "category_id": 1, "segmentation": [], "area": 783130.0534, "bbox": [66.55, 507.12, 2284.91, 342.74], "iscrowd": 0, "attributes": {"occluded": false}}, {"id": 300, "image_id": 170, "category_id": 1, "segmentation": [], "area": 670199.5775000001, "bbox": [269.78, 705.33, 651.85, 1028.15], "iscrowd": 0, "attributes": {"occluded": false}}, {"id": 301, "image_id": 171, "category_id": 1, "segmentation": [], "area": 166139.4784, "bbox": [50.39, 74.74, 642.88, 258.43], "iscrowd": 0, "attributes": {"occluded": false}}, {"id": 302, "image_id": 171, "category_id": 1, "segmentation": [], "area": 165836.01760000005, "bbox": [48.26, 768.88, 636.46, 260.56], "iscrowd": 0, "attributes": {"occluded": false}}, {"id": 303, "image_id": 172, "category_id": 1, "segmentation": [], "area": 7569008.716, "bbox": [1403.21, 1458.52, 4639.01, 1631.6], "iscrowd": 0, "attributes": {"occluded": false}}, {"id": 304, "image_id": 173, "category_id": 1, "segmentation": [], "area": 1167129.5137999998, "bbox": [674.86, 770.96, 801.98, 1455.31], "iscrowd": 0, "attributes": {"occluded": false}}, {"id": 305, "image_id": 173, "category_id": 2, "segmentation": [], "area": 2350483.3472, "bbox": [0.0, 72.69, 1089.68, 2157.04], "iscrowd": 0, "attributes": {"occluded": false}}, {"id": 306, "image_id": 174, "category_id": 1, "segmentation": [], "area": 692663.8386000001, "bbox": [67.93, 84.91, 810.19, 854.94], "iscrowd": 0, "attributes": {"occluded": false}}, {"id": 307, "image_id": 175, "category_id": 1, "segmentation": [], "area": 478703.1574, "bbox": [112.5, 73.61, 652.78, 733.33], "iscrowd": 0, "attributes": {"occluded": false}}, {"id": 308, "image_id": 176, "category_id": 1, "segmentation": [], "area": 16506.9792, "bbox": [824.86, 205.01, 123.26, 133.92], "iscrowd": 0, "attributes": {"occluded": false}}, {"id": 309, "image_id": 176, "category_id": 1, "segmentation": [], "area": 167251.2, "bbox": [67.53, 188.42, 320.0, 522.66], "iscrowd": 0, "attributes": {"occluded": false}}, {"id": 310, "image_id": 177, "category_id": 1, "segmentation": [], "area": 717772.9849, "bbox": [164.84, 60.59, 1038.61, 691.09], "iscrowd": 0, "attributes": {"occluded": false}}, {"id": 311, "image_id": 178, "category_id": 1, "segmentation": [], "area": 96108.73799999998, "bbox": [534.44, 328.73, 527.78, 182.1], "iscrowd": 0, "attributes": {"occluded": false}}, {"id": 312, "image_id": 178, "category_id": 2, "segmentation": [], "area": 195342.15699999998, "bbox": [1077.65, 273.18, 423.35, 461.42], "iscrowd": 0, "attributes": {"occluded": false}}, {"id": 313, "image_id": 178, "category_id": 2, "segmentation": [], "area": 255255.112, "bbox": [498.95, 112.69, 537.04, 475.3], "iscrowd": 0, "attributes": {"occluded": false}}, {"id": 314, "image_id": 179, "category_id": 1, "segmentation": [], "area": 1071838.8771999998, "bbox": [69.86, 60.95, 2341.64, 457.73], "iscrowd": 0, "attributes": {"occluded": false}}, {"id": 315, "image_id": 179, "category_id": 1, "segmentation": [], "area": 1178856.6984, "bbox": [74.68, 605.4, 2522.32, 467.37], "iscrowd": 0, "attributes": {"occluded": false}}, {"id": 316, "image_id": 180, "category_id": 1, "segmentation": [], "area": 663526.1688, "bbox": [72.7, 110.92, 1157.34, 573.32], "iscrowd": 0, "attributes": {"occluded": false}}, {"id": 317, "image_id": 181, "category_id": 1, "segmentation": [], "area": 329981.1075, "bbox": [0.0, 0.0, 699.75, 471.57], "iscrowd": 0, "attributes": {"occluded": false}}, {"id": 318, "image_id": 182, "category_id": 1, "segmentation": [], "area": 2141503.5565, "bbox": [624.72, 161.11, 1566.95, 1366.67], "iscrowd": 0, "attributes": {"occluded": false}}, {"id": 319, "image_id": 182, "category_id": 2, "segmentation": [], "area": 1697984.7499999998, "bbox": [913.89, 366.67, 1225.0, 1386.11], "iscrowd": 0, "attributes": {"occluded": false}}, {"id": 320, "image_id": 182, "category_id": 2, "segmentation": [], "area": 1102612.7037000002, "bbox": [327.78, 880.56, 1213.89, 908.33], "iscrowd": 0, "attributes": {"occluded": false}}, {"id": 321, "image_id": 183, "category_id": 1, "segmentation": [], "area": 868300.1559999998, "bbox": [288.97, 118.44, 922.84, 940.9], "iscrowd": 0, "attributes": {"occluded": false}}, {"id": 322, "image_id": 184, "category_id": 1, "segmentation": [], "area": 202115.89250000002, "bbox": [15.89, 20.27, 190.25, 1062.37], "iscrowd": 0, "attributes": {"occluded": false}}, {"id": 323, "image_id": 184, "category_id": 1, "segmentation": [], "area": 208631.35860000004, "bbox": [207.82, 5.11, 193.62, 1077.53], "iscrowd": 0, "attributes": {"occluded": false}}, {"id": 324, "image_id": 184, "category_id": 1, "segmentation": [], "area": 194268.62109999993, "bbox": [467.1, 11.85, 185.21, 1048.91], "iscrowd": 0, "attributes": {"occluded": false}}, {"id": 325, "image_id": 184, "category_id": 1, "segmentation": [], "area": 205045.5162, "bbox": [679.24, 0.06, 193.62, 1059.01], "iscrowd": 0, "attributes": {"occluded": false}}, {"id": 326, "image_id": 184, "category_id": 1, "segmentation": [], "area": 202559.90719999996, "bbox": [882.96, 20.27, 195.31, 1037.12], "iscrowd": 0, "attributes": {"occluded": false}}, {"id": 327, "image_id": 184, "category_id": 1, "segmentation": [], "area": 206945.2182, "bbox": [1110.26, 13.53, 196.98, 1050.59], "iscrowd": 0, "attributes": {"occluded": false}}, {"id": 328, "image_id": 185, "category_id": 1, "segmentation": [], "area": 57095.97279999998, "bbox": [775.77, 388.73, 646.76, 88.28], "iscrowd": 0, "attributes": {"occluded": false}}, {"id": 329, "image_id": 185, "category_id": 2, "segmentation": [], "area": 411002.72329999995, "bbox": [485.49, 20.37, 668.83, 614.51], "iscrowd": 0, "attributes": {"occluded": false}}, {"id": 330, "image_id": 185, "category_id": 2, "segmentation": [], "area": 205632.14549999998, "bbox": [1271.45, 202.01, 378.55, 543.21], "iscrowd": 0, "attributes": {"occluded": false}}, {"id": 331, "image_id": 186, "category_id": 1, "segmentation": [], "area": 1155261.1861, "bbox": [198.69, 130.48, 1043.21, 1107.41], "iscrowd": 0, "attributes": {"occluded": false}}, {"id": 332, "image_id": 187, "category_id": 1, "segmentation": [], "area": 853022.4768, "bbox": [10.83, 6.19, 879.84, 969.52], "iscrowd": 0, "attributes": {"occluded": false}}, {"id": 333, "image_id": 188, "category_id": 1, "segmentation": [], "area": 274659.64879999997, "bbox": [2.17, 5.28, 288.29, 952.72], "iscrowd": 0, "attributes": {"occluded": false}}, {"id": 334, "image_id": 189, "category_id": 1, "segmentation": [], "area": 796685.1251999999, "bbox": [3.08, 5.03, 905.18, 880.14], "iscrowd": 0, "attributes": {"occluded": false}}, {"id": 335, "image_id": 190, "category_id": 1, "segmentation": [], "area": 369291.99, "bbox": [497.7, 118.49, 579.0, 637.81], "iscrowd": 0, "attributes": {"occluded": false}}, {"id": 336, "image_id": 190, "category_id": 2, "segmentation": [], "area": 264810.9647, "bbox": [881.41, 564.42, 615.31, 430.37], "iscrowd": 0, "attributes": {"occluded": false}}, {"id": 337, "image_id": 191, "category_id": 1, "segmentation": [], "area": 194397.47459999996, "bbox": [660.49, 246.4, 411.11, 472.86], "iscrowd": 0, "attributes": {"occluded": false}}, {"id": 338, "image_id": 192, "category_id": 1, "segmentation": [], "area": 1014240.7999999999, "bbox": [2530.49, 202.07, 502.0, 2020.4], "iscrowd": 0, "attributes": {"occluded": false}}, {"id": 339, "image_id": 192, "category_id": 2, "segmentation": [], "area": 6006918.198600001, "bbox": [2611.05, 1646.1, 2801.29, 2144.34], "iscrowd": 0, "attributes": {"occluded": false}}, {"id": 340, "image_id": 192, "category_id": 2, "segmentation": [], "area": 2089479.1922999998, "bbox": [1916.93, 3.75, 1685.73, 1239.51], "iscrowd": 0, "attributes": {"occluded": false}}, {"id": 341, "image_id": 193, "category_id": 1, "segmentation": [], "area": 323832.73299999995, "bbox": [47.87, 504.66, 807.1, 401.23], "iscrowd": 0, "attributes": {"occluded": false}}, {"id": 342, "image_id": 193, "category_id": 1, "segmentation": [], "area": 171560.052, "bbox": [214.54, 408.98, 628.08, 273.15], "iscrowd": 0, "attributes": {"occluded": false}}, {"id": 343, "image_id": 193, "category_id": 1, "segmentation": [], "area": 126006.0732, "bbox": [324.1, 334.91, 570.99, 220.68], "iscrowd": 0, "attributes": {"occluded": false}}, {"id": 344, "image_id": 193, "category_id": 1, "segmentation": [], "area": 92880.19260000001, "bbox": [410.53, 270.09, 501.54, 185.19], "iscrowd": 0, "attributes": {"occluded": false}}, {"id": 345, "image_id": 193, "category_id": 1, "segmentation": [], "area": 61536.815999999984, "bbox": [481.51, 223.8, 419.76, 146.6], "iscrowd": 0, "attributes": {"occluded": false}}, {"id": 346, "image_id": 193, "category_id": 1, "segmentation": [], "area": 56115.09640000001, "bbox": [527.81, 180.59, 422.84, 132.71], "iscrowd": 0, "attributes": {"occluded": false}}, {"id": 347, "image_id": 193, "category_id": 1, "segmentation": [], "area": 44210.69730000001, "bbox": [574.1, 138.92, 367.29, 120.37], "iscrowd": 0, "attributes": {"occluded": false}}, {"id": 348, "image_id": 194, "category_id": 1, "segmentation": [], "area": 2090349.8399999999, "bbox": [14.04, 14.04, 1776.3, 1176.8], "iscrowd": 0, "attributes": {"occluded": false}}, {"id": 349, "image_id": 195, "category_id": 1, "segmentation": [], "area": 1126262.4479999999, "bbox": [885.6, 6.1, 882.72, 1275.9], "iscrowd": 0, "attributes": {"occluded": false}}, {"id": 350, "image_id": 196, "category_id": 1, "segmentation": [], "area": 330480.5, "bbox": [271.11, 73.33, 674.45, 490.0], "iscrowd": 0, "attributes": {"occluded": false}}, {"id": 351, "image_id": 197, "category_id": 1, "segmentation": [], "area": 93452.02739999998, "bbox": [11.07, 245.55, 551.73, 169.38], "iscrowd": 0, "attributes": {"occluded": false}}, {"id": 352, "image_id": 198, "category_id": 2, "segmentation": [], "area": 402883.84, "bbox": [0.0, 307.6, 521.6, 772.4], "iscrowd": 0, "attributes": {"occluded": false}}, {"id": 353, "image_id": 198, "category_id": 1, "segmentation": [], "area": 218919.99999999997, "bbox": [509.6, 515.6, 842.0, 260.0], "iscrowd": 0, "attributes": {"occluded": false}}, {"id": 354, "image_id": 199, "category_id": 1, "segmentation": [], "area": 336749.5610000001, "bbox": [738.0, 46.91, 671.9, 501.19], "iscrowd": 0, "attributes": {"occluded": false}}]}